[0.000000] (-) TimerEvent: {}
[0.000104] (robot_localization) JobQueued: {'identifier': 'robot_localization', 'dependencies': OrderedDict()}
[0.000499] (robot_localization) JobStarted: {'identifier': 'robot_localization'}
[0.019662] (robot_localization) JobProgress: {'identifier': 'robot_localization', 'progress': 'cmake'}
[0.019918] (robot_localization) Command: {'cmd': ['/usr/bin/cmake', '/robofuzz/robot_localization_ws/src/robot_localization', '-DCMAKE_INSTALL_PREFIX=/robofuzz/robot_localization_ws/install'], 'cwd': '/robofuzz/robot_localization_ws/build/robot_localization', 'env': OrderedDict([('HOSTNAME', 'bfa0683d9008'), ('SHLVL', '2'), ('LD_LIBRARY_PATH', '/robofuzz/targets/moveit2_ws/install/moveit_visual_tools/lib:/robofuzz/targets/moveit2_ws/install/rviz_visual_tools/lib:/robofuzz/targets/turtlebot3_ws/install/turtlebot3_msgs/lib:/robofuzz/targets/turtlebot3_ws/install/dynamixel_sdk_custom_interfaces/lib:/robofuzz/targets/turtlebot3_ws/install/dynamixel_sdk/lib:/robofuzz/targets/idltest_ws/install/idltest_msgs/lib:/robofuzz/targets/px4_ros_com_ros2/install/px4_ros_com/lib:/robofuzz/targets/px4_ros_com_ros2/install/px4_msgs/lib:/usr/lib/x86_64-linux-gnu/gazebo-11/plugins:/opt/ros/foxy/opt/yaml_cpp_vendor/lib:/opt/ros/foxy/opt/rviz_ogre_vendor/lib:/opt/ros/foxy/lib/x86_64-linux-gnu:/opt/ros/foxy/lib'), ('HOME', '/root'), ('OLDPWD', '/robofuzz/src/targets'), ('ROS_PYTHON_VERSION', '3'), ('COLCON_PREFIX_PATH', '/robofuzz/targets/moveit2_ws/install:/robofuzz/targets/turtlebot3_ws/install:/robofuzz/targets/idltest_ws/install:/robofuzz/targets/px4_ros_com_ros2/install'), ('ROS_DISTRO', 'foxy'), ('_', '/usr/bin/colcon'), ('ROS_VERSION', '2'), ('ROBOFUZZ_TARGETS_DIR', '/robofuzz/target_configs'), ('TERM', 'xterm'), ('QT_API', 'pyqt'), ('ROS_LOCALHOST_ONLY', '0'), ('PATH', '/opt/gcc-arm-none-eabi-9-2020-q2-update/bin:/robofuzz/targets/px4_ros_com_ros2/install/px4_ros_com/bin:/opt/ros/foxy/bin:/usr/local/sbin:/usr/local/bin:/usr/sbin:/usr/bin:/sbin:/bin'), ('DISPLAY', ':0'), ('LANG', 'C.UTF-8'), ('LS_COLORS', 'rs=0:di=01;34:ln=01;36:mh=00:pi=40;33:so=01;35:do=01;35:bd=40;33;01:cd=40;33;01:or=40;31;01:mi=00:su=37;41:sg=30;43:ca=30;41:tw=30;42:ow=34;42:st=37;44:ex=01;32:*.tar=01;31:*.tgz=01;31:*.arc=01;31:*.arj=01;31:*.taz=01;31:*.lha=01;31:*.lz4=01;31:*.lzh=01;31:*.lzma=01;31:*.tlz=01;31:*.txz=01;31:*.tzo=01;31:*.t7z=01;31:*.zip=01;31:*.z=01;31:*.dz=01;31:*.gz=01;31:*.lrz=01;31:*.lz=01;31:*.lzo=01;31:*.xz=01;31:*.zst=01;31:*.tzst=01;31:*.bz2=01;31:*.bz=01;31:*.tbz=01;31:*.tbz2=01;31:*.tz=01;31:*.deb=01;31:*.rpm=01;31:*.jar=01;31:*.war=01;31:*.ear=01;31:*.sar=01;31:*.rar=01;31:*.alz=01;31:*.ace=01;31:*.zoo=01;31:*.cpio=01;31:*.7z=01;31:*.rz=01;31:*.cab=01;31:*.wim=01;31:*.swm=01;31:*.dwm=01;31:*.esd=01;31:*.jpg=01;35:*.jpeg=01;35:*.mjpg=01;35:*.mjpeg=01;35:*.gif=01;35:*.bmp=01;35:*.pbm=01;35:*.pgm=01;35:*.ppm=01;35:*.tga=01;35:*.xbm=01;35:*.xpm=01;35:*.tif=01;35:*.tiff=01;35:*.png=01;35:*.svg=01;35:*.svgz=01;35:*.mng=01;35:*.pcx=01;35:*.mov=01;35:*.mpg=01;35:*.mpeg=01;35:*.m2v=01;35:*.mkv=01;35:*.webm=01;35:*.ogm=01;35:*.mp4=01;35:*.m4v=01;35:*.mp4v=01;35:*.vob=01;35:*.qt=01;35:*.nuv=01;35:*.wmv=01;35:*.asf=01;35:*.rm=01;35:*.rmvb=01;35:*.flc=01;35:*.avi=01;35:*.fli=01;35:*.flv=01;35:*.gl=01;35:*.dl=01;35:*.xcf=01;35:*.xwd=01;35:*.yuv=01;35:*.cgm=01;35:*.emf=01;35:*.ogv=01;35:*.ogx=01;35:*.aac=00;36:*.au=00;36:*.flac=00;36:*.m4a=00;36:*.mid=00;36:*.midi=00;36:*.mka=00;36:*.mp3=00;36:*.mpc=00;36:*.ogg=00;36:*.ra=00;36:*.wav=00;36:*.oga=00;36:*.opus=00;36:*.spx=00;36:*.xspf=00;36:'), ('AMENT_PREFIX_PATH', '/robofuzz/targets/moveit2_ws/install/moveit2_tutorials:/robofuzz/targets/moveit2_ws/install/moveit_visual_tools:/robofuzz/targets/moveit2_ws/install/rviz_visual_tools:/robofuzz/targets/turtlebot3_ws/install/turtlebot3:/robofuzz/targets/turtlebot3_ws/install/turtlebot3_teleop:/robofuzz/targets/turtlebot3_ws/install/turtlebot3_simulations:/robofuzz/targets/turtlebot3_ws/install/turtlebot3_bringup:/robofuzz/targets/turtlebot3_ws/install/turtlebot3_node:/robofuzz/targets/turtlebot3_ws/install/turtlebot3_navigation2:/robofuzz/targets/turtlebot3_ws/install/turtlebot3_fake_node:/robofuzz/targets/turtlebot3_ws/install/turtlebot3_example:/robofuzz/targets/turtlebot3_ws/install/turtlebot3_msgs:/robofuzz/targets/turtlebot3_ws/install/turtlebot3_gazebo:/robofuzz/targets/turtlebot3_ws/install/turtlebot3_description:/robofuzz/targets/turtlebot3_ws/install/turtlebot3_cartographer:/robofuzz/targets/turtlebot3_ws/install/hls_lfcd_lds_driver:/robofuzz/targets/turtlebot3_ws/install/dynamixel_sdk_examples:/robofuzz/targets/turtlebot3_ws/install/dynamixel_sdk_custom_interfaces:/robofuzz/targets/turtlebot3_ws/install/dynamixel_sdk:/robofuzz/targets/idltest_ws/install/idltest_target:/robofuzz/targets/idltest_ws/install/idltest_msgs:/robofuzz/targets/px4_ros_com_ros2/install/px4_ros_com:/robofuzz/targets/px4_ros_com_ros2/install/px4_msgs:/opt/ros/foxy'), ('PWD', '/robofuzz/robot_localization_ws/build/robot_localization'), ('LC_ALL', 'C.UTF-8'), ('PYTHONPATH', '/robofuzz/targets/turtlebot3_ws/build/turtlebot3_teleop:/robofuzz/targets/turtlebot3_ws/install/turtlebot3_teleop/lib/python3.8/site-packages:/robofuzz/targets/turtlebot3_ws/build/turtlebot3_example:/robofuzz/targets/turtlebot3_ws/install/turtlebot3_example/lib/python3.8/site-packages:/robofuzz/targets/turtlebot3_ws/install/turtlebot3_msgs/lib/python3.8/site-packages:/robofuzz/targets/turtlebot3_ws/install/dynamixel_sdk_custom_interfaces/lib/python3.8/site-packages:/robofuzz/targets/idltest_ws/install/idltest_msgs/lib/python3.8/site-packages:/robofuzz/targets/px4_ros_com_ros2/install/px4_msgs/lib/python3.8/site-packages:/opt/ros/foxy/lib/python3.8/site-packages'), ('COLCON', '1'), ('CMAKE_PREFIX_PATH', '/robofuzz/targets/moveit2_ws/install/moveit2_tutorials:/robofuzz/targets/moveit2_ws/install/moveit_visual_tools:/robofuzz/targets/moveit2_ws/install/rviz_visual_tools:/robofuzz/targets/turtlebot3_ws/install/turtlebot3:/robofuzz/targets/turtlebot3_ws/install/turtlebot3_simulations:/robofuzz/targets/turtlebot3_ws/install/turtlebot3_bringup:/robofuzz/targets/turtlebot3_ws/install/turtlebot3_node:/robofuzz/targets/turtlebot3_ws/install/turtlebot3_navigation2:/robofuzz/targets/turtlebot3_ws/install/turtlebot3_fake_node:/robofuzz/targets/turtlebot3_ws/install/turtlebot3_msgs:/robofuzz/targets/turtlebot3_ws/install/turtlebot3_gazebo:/robofuzz/targets/turtlebot3_ws/install/turtlebot3_description:/robofuzz/targets/turtlebot3_ws/install/turtlebot3_cartographer:/robofuzz/targets/turtlebot3_ws/install/hls_lfcd_lds_driver:/robofuzz/targets/turtlebot3_ws/install/dynamixel_sdk_examples:/robofuzz/targets/turtlebot3_ws/install/dynamixel_sdk_custom_interfaces:/robofuzz/targets/turtlebot3_ws/install/dynamixel_sdk:/robofuzz/targets/idltest_ws/install/idltest_target:/robofuzz/targets/idltest_ws/install/idltest_msgs:/robofuzz/targets/px4_ros_com_ros2/install/px4_ros_com:/robofuzz/targets/px4_ros_com_ros2/install/px4_msgs:/robofuzz/targets/turtlebot3_ws/install/turtlebot3_teleop:/robofuzz/targets/turtlebot3_ws/install/turtlebot3_example:/opt/ros/foxy')]), 'shell': False}
[0.099862] (-) TimerEvent: {}
[0.161273] (robot_localization) StdoutLine: {'line': b'-- The C compiler identification is GNU 9.4.0\n'}
[0.199953] (-) TimerEvent: {}
[0.266855] (robot_localization) StdoutLine: {'line': b'-- The CXX compiler identification is GNU 9.4.0\n'}
[0.273808] (robot_localization) StdoutLine: {'line': b'-- Check for working C compiler: /usr/bin/cc\n'}
[0.300058] (-) TimerEvent: {}
[0.358014] (robot_localization) StdoutLine: {'line': b'-- Check for working C compiler: /usr/bin/cc -- works\n'}
[0.359173] (robot_localization) StdoutLine: {'line': b'-- Detecting C compiler ABI info\n'}
[0.400169] (-) TimerEvent: {}
[0.439571] (robot_localization) StdoutLine: {'line': b'-- Detecting C compiler ABI info - done\n'}
[0.447954] (robot_localization) StdoutLine: {'line': b'-- Detecting C compile features\n'}
[0.448332] (robot_localization) StdoutLine: {'line': b'-- Detecting C compile features - done\n'}
[0.450789] (robot_localization) StdoutLine: {'line': b'-- Check for working CXX compiler: /usr/bin/c++\n'}
[0.500286] (-) TimerEvent: {}
[0.536121] (robot_localization) StdoutLine: {'line': b'-- Check for working CXX compiler: /usr/bin/c++ -- works\n'}
[0.536939] (robot_localization) StdoutLine: {'line': b'-- Detecting CXX compiler ABI info\n'}
[0.600390] (-) TimerEvent: {}
[0.622841] (robot_localization) StdoutLine: {'line': b'-- Detecting CXX compiler ABI info - done\n'}
[0.631123] (robot_localization) StdoutLine: {'line': b'-- Detecting CXX compile features\n'}
[0.631594] (robot_localization) StdoutLine: {'line': b'-- Detecting CXX compile features - done\n'}
[0.632305] (robot_localization) StdoutLine: {'line': b"-- robot_localization: You did not request a specific build type: selecting 'RelWithDebInfo'.\n"}
[0.647581] (robot_localization) StdoutLine: {'line': b'-- Found ament_cmake: 0.9.9 (/opt/ros/foxy/share/ament_cmake/cmake)\n'}
[0.690912] (robot_localization) StdoutLine: {'line': b'-- Found PythonInterp: /usr/bin/python3 (found suitable version "3.8.10", minimum required is "3") \n'}
[0.691135] (robot_localization) StdoutLine: {'line': b'-- Using PYTHON_EXECUTABLE: /usr/bin/python3\n'}
[0.700474] (-) TimerEvent: {}
[0.800708] (-) TimerEvent: {}
[0.900964] (-) TimerEvent: {}
[0.961351] (robot_localization) StdoutLine: {'line': b'-- Found rclcpp: 2.4.1 (/opt/ros/foxy/share/rclcpp/cmake)\n'}
[1.001066] (-) TimerEvent: {}
[1.067613] (robot_localization) StdoutLine: {'line': b'-- Using all available rosidl_typesupport_c: rosidl_typesupport_fastrtps_c;rosidl_typesupport_introspection_c\n'}
[1.089447] (robot_localization) StdoutLine: {'line': b'-- Found rosidl_adapter: 1.2.1 (/opt/ros/foxy/share/rosidl_adapter/cmake)\n'}
[1.101144] (-) TimerEvent: {}
[1.201386] (-) TimerEvent: {}
[1.261079] (robot_localization) StdoutLine: {'line': b'-- Found OpenSSL: /usr/lib/x86_64-linux-gnu/libcrypto.so (found version "1.1.1f")  \n'}
[1.301483] (-) TimerEvent: {}
[1.307819] (robot_localization) StdoutLine: {'line': b'-- Found FastRTPS: /opt/ros/foxy/include  \n'}
[1.401593] (-) TimerEvent: {}
[1.440912] (robot_localization) StdoutLine: {'line': b'-- Using all available rosidl_typesupport_cpp: rosidl_typesupport_fastrtps_cpp;rosidl_typesupport_introspection_cpp\n'}
[1.501703] (-) TimerEvent: {}
[1.525351] (robot_localization) StdoutLine: {'line': b'-- Found rmw_implementation_cmake: 1.0.3 (/opt/ros/foxy/share/rmw_implementation_cmake/cmake)\n'}
[1.528099] (robot_localization) StdoutLine: {'line': b"-- Using RMW implementation 'rmw_fastrtps_cpp' as default\n"}
[1.529685] (robot_localization) StdoutLine: {'line': b'-- Looking for pthread.h\n'}
[1.601805] (-) TimerEvent: {}
[1.617919] (robot_localization) StdoutLine: {'line': b'-- Looking for pthread.h - found\n'}
[1.618134] (robot_localization) StdoutLine: {'line': b'-- Performing Test CMAKE_HAVE_LIBC_PTHREAD\n'}
[1.701907] (robot_localization) StdoutLine: {'line': b'-- Performing Test CMAKE_HAVE_LIBC_PTHREAD - Failed\n'}
[1.702110] (-) TimerEvent: {}
[1.702212] (robot_localization) StdoutLine: {'line': b'-- Looking for pthread_create in pthreads\n'}
[1.783140] (robot_localization) StdoutLine: {'line': b'-- Looking for pthread_create in pthreads - not found\n'}
[1.784036] (robot_localization) StdoutLine: {'line': b'-- Looking for pthread_create in pthread\n'}
[1.802238] (-) TimerEvent: {}
[1.866599] (robot_localization) StdoutLine: {'line': b'-- Looking for pthread_create in pthread - found\n'}
[1.867698] (robot_localization) StdoutLine: {'line': b'-- Found Threads: TRUE  \n'}
[1.902284] (-) TimerEvent: {}
[2.002558] (-) TimerEvent: {}
[2.037412] (robot_localization) StdoutLine: {'line': b'-- Found diagnostic_msgs: 2.0.5 (/opt/ros/foxy/share/diagnostic_msgs/cmake)\n'}
[2.070908] (robot_localization) StdoutLine: {'line': b'-- Found diagnostic_updater: 3.1.2 (/opt/ros/foxy/share/diagnostic_updater/cmake)\n'}
[2.095701] (robot_localization) StdoutLine: {'line': b'-- Found geographic_msgs: 1.0.4 (/opt/ros/foxy/share/geographic_msgs/cmake)\n'}
[2.102631] (-) TimerEvent: {}
[2.202855] (-) TimerEvent: {}
[2.230984] (robot_localization) StdoutLine: {'line': b'-- Found nav_msgs: 2.0.5 (/opt/ros/foxy/share/nav_msgs/cmake)\n'}
[2.290488] (robot_localization) StdoutLine: {'line': b'-- Found rosidl_default_generators: 1.0.1 (/opt/ros/foxy/share/rosidl_default_generators/cmake)\n'}
[2.302945] (-) TimerEvent: {}
[2.315749] (robot_localization) StdoutLine: {'line': b'-- Found sensor_msgs: 2.0.5 (/opt/ros/foxy/share/sensor_msgs/cmake)\n'}
[2.374919] (robot_localization) StdoutLine: {'line': b'-- Found std_srvs: 2.0.5 (/opt/ros/foxy/share/std_srvs/cmake)\n'}
[2.391890] (robot_localization) StdoutLine: {'line': b'-- Found tf2: 0.13.14 (/opt/ros/foxy/share/tf2/cmake)\n'}
[2.403034] (-) TimerEvent: {}
[2.411650] (robot_localization) StdoutLine: {'line': b'-- Found tf2_eigen: 0.13.13 (/opt/ros/foxy/share/tf2_eigen/cmake)\n'}
[2.503157] (-) TimerEvent: {}
[2.603443] (-) TimerEvent: {}
[2.703732] (-) TimerEvent: {}
[2.742461] (robot_localization) StdoutLine: {'line': b'-- Found tf2_geometry_msgs: 0.13.14 (/opt/ros/foxy/share/tf2_geometry_msgs/cmake)\n'}
[2.754612] (robot_localization) StdoutLine: {'line': b'-- Found Eigen3: TRUE (found version "3.3.7") \n'}
[2.791128] (robot_localization) StdoutLine: {'line': b'-- Found Boost: /usr/lib/x86_64-linux-gnu/cmake/Boost-1.71.0/BoostConfig.cmake (found version "1.71.0")  \n'}
[2.798991] (robot_localization) StdoutLine: {'line': b'-- Found yaml_cpp_vendor: 7.0.2 (/opt/ros/foxy/share/yaml_cpp_vendor/cmake)\n'}
[2.799129] (robot_localization) StdoutLine: {'line': b"-- Setting yaml-cpp_DIR to: '/opt/ros/foxy/share/yaml_cpp_vendor/cmake/../../../opt/yaml_cpp_vendor/lib/cmake/yaml-cpp'\n"}
[2.802345] (robot_localization) StdoutLine: {'line': b'-- Found GeographicLib: /usr/lib/x86_64-linux-gnu  \n'}
[2.803797] (-) TimerEvent: {}
[2.832022] (robot_localization) StdoutLine: {'line': b'-- Found PythonInterp: /usr/bin/python3 (found version "3.8.10") \n'}
[2.903910] (-) TimerEvent: {}
[3.004173] (-) TimerEvent: {}
[3.041019] (robot_localization) StdoutLine: {'line': b'-- Found ament_cmake_cppcheck: 0.9.6 (/opt/ros/foxy/share/ament_cmake_cppcheck/cmake)\n'}
[3.048810] (robot_localization) StdoutLine: {'line': b'-- Found ament_cmake_cpplint: 0.9.6 (/opt/ros/foxy/share/ament_cmake_cpplint/cmake)\n'}
[3.056146] (robot_localization) StdoutLine: {'line': b'-- Found ament_cmake_uncrustify: 0.9.6 (/opt/ros/foxy/share/ament_cmake_uncrustify/cmake)\n'}
[3.063738] (robot_localization) StdoutLine: {'line': b'-- Found ament_cmake_ros: 0.9.2 (/opt/ros/foxy/share/ament_cmake_ros/cmake)\n'}
[3.104280] (-) TimerEvent: {}
[3.204562] (-) TimerEvent: {}
[3.304872] (-) TimerEvent: {}
[3.405171] (-) TimerEvent: {}
[3.424665] (robot_localization) StdoutLine: {'line': b'-- Using all available rosidl_typesupport_c: rosidl_typesupport_fastrtps_c;rosidl_typesupport_introspection_c\n'}
[3.505294] (-) TimerEvent: {}
[3.557994] (robot_localization) StdoutLine: {'line': b'-- Using all available rosidl_typesupport_cpp: rosidl_typesupport_fastrtps_cpp;rosidl_typesupport_introspection_cpp\n'}
[3.593993] (robot_localization) StdoutLine: {'line': b'-- Found PythonInterp: /usr/bin/python3 (found suitable version "3.8.10", minimum required is "3.5") \n'}
[3.600749] (robot_localization) StdoutLine: {'line': b'-- Found python_cmake_module: 0.8.1 (/opt/ros/foxy/share/python_cmake_module/cmake)\n'}
[3.605368] (-) TimerEvent: {}
[3.637781] (robot_localization) StdoutLine: {'line': b'-- Found PythonLibs: /usr/lib/x86_64-linux-gnu/libpython3.8.so (found suitable version "3.8.10", minimum required is "3.5") \n'}
[3.637993] (robot_localization) StdoutLine: {'line': b'-- Using PYTHON_EXECUTABLE: /usr/bin/python3\n'}
[3.638075] (robot_localization) StdoutLine: {'line': b'-- Using PYTHON_INCLUDE_DIRS: /usr/include/python3.8\n'}
[3.638146] (robot_localization) StdoutLine: {'line': b'-- Using PYTHON_LIBRARIES: /usr/lib/x86_64-linux-gnu/libpython3.8.so\n'}
[3.664519] (robot_localization) StdoutLine: {'line': b'-- Found PythonExtra: .so  \n'}
[3.705484] (-) TimerEvent: {}
[3.774493] (robot_localization) StdoutLine: {'line': b'-- Found ament_cmake_flake8: 0.9.6 (/opt/ros/foxy/share/ament_cmake_flake8/cmake)\n'}
[3.781828] (robot_localization) StdoutLine: {'line': b'-- Found ament_cmake_pep257: 0.9.6 (/opt/ros/foxy/share/ament_cmake_pep257/cmake)\n'}
[3.803194] (robot_localization) StdoutLine: {'line': b'-- Found ament_cmake_lint_cmake: 0.9.6 (/opt/ros/foxy/share/ament_cmake_lint_cmake/cmake)\n'}
[3.805562] (-) TimerEvent: {}
[3.810359] (robot_localization) StdoutLine: {'line': b'-- Found launch_testing_ament_cmake: 0.10.8 (/opt/ros/foxy/share/launch_testing_ament_cmake/cmake)\n'}
[3.841104] (robot_localization) StdoutLine: {'line': b'-- Using PYTHON_EXECUTABLE: /usr/bin/python3\n'}
[3.841293] (robot_localization) StdoutLine: {'line': b'-- Using PYTHON_INCLUDE_DIRS: /usr/include/python3.8\n'}
[3.841370] (robot_localization) StdoutLine: {'line': b'-- Using PYTHON_LIBRARIES: /usr/lib/x86_64-linux-gnu/libpython3.8.so\n'}
[3.850161] (robot_localization) StdoutLine: {'line': b"-- Found gtest sources under '/opt/ros/foxy/src/gtest_vendor': C++ tests using 'Google Test' will be built\n"}
[3.853342] (robot_localization) StdoutLine: {'line': b'-- Check if compiler accepts -pthread\n'}
[3.905688] (-) TimerEvent: {}
[3.941132] (robot_localization) StdoutLine: {'line': b'-- Check if compiler accepts -pthread - yes\n'}
[3.979996] (robot_localization) StdoutLine: {'line': b'-- Configuring done\n'}
[4.005786] (-) TimerEvent: {}
[4.106004] (-) TimerEvent: {}
[4.206271] (-) TimerEvent: {}
[4.282810] (robot_localization) StdoutLine: {'line': b'-- Generating done\n'}
[4.288589] (robot_localization) StdoutLine: {'line': b'-- Build files have been written to: /robofuzz/robot_localization_ws/build/robot_localization\n'}
[4.304432] (robot_localization) CommandEnded: {'returncode': 0}
[4.305189] (robot_localization) JobProgress: {'identifier': 'robot_localization', 'progress': 'build'}
[4.307552] (robot_localization) Command: {'cmd': ['/usr/bin/cmake', '--build', '/robofuzz/robot_localization_ws/build/robot_localization', '--', '-j12', '-l12'], 'cwd': '/robofuzz/robot_localization_ws/build/robot_localization', 'env': OrderedDict([('HOSTNAME', 'bfa0683d9008'), ('SHLVL', '2'), ('LD_LIBRARY_PATH', '/robofuzz/targets/moveit2_ws/install/moveit_visual_tools/lib:/robofuzz/targets/moveit2_ws/install/rviz_visual_tools/lib:/robofuzz/targets/turtlebot3_ws/install/turtlebot3_msgs/lib:/robofuzz/targets/turtlebot3_ws/install/dynamixel_sdk_custom_interfaces/lib:/robofuzz/targets/turtlebot3_ws/install/dynamixel_sdk/lib:/robofuzz/targets/idltest_ws/install/idltest_msgs/lib:/robofuzz/targets/px4_ros_com_ros2/install/px4_ros_com/lib:/robofuzz/targets/px4_ros_com_ros2/install/px4_msgs/lib:/usr/lib/x86_64-linux-gnu/gazebo-11/plugins:/opt/ros/foxy/opt/yaml_cpp_vendor/lib:/opt/ros/foxy/opt/rviz_ogre_vendor/lib:/opt/ros/foxy/lib/x86_64-linux-gnu:/opt/ros/foxy/lib'), ('HOME', '/root'), ('OLDPWD', '/robofuzz/src/targets'), ('ROS_PYTHON_VERSION', '3'), ('COLCON_PREFIX_PATH', '/robofuzz/targets/moveit2_ws/install:/robofuzz/targets/turtlebot3_ws/install:/robofuzz/targets/idltest_ws/install:/robofuzz/targets/px4_ros_com_ros2/install'), ('ROS_DISTRO', 'foxy'), ('_', '/usr/bin/colcon'), ('ROS_VERSION', '2'), ('ROBOFUZZ_TARGETS_DIR', '/robofuzz/target_configs'), ('TERM', 'xterm'), ('QT_API', 'pyqt'), ('ROS_LOCALHOST_ONLY', '0'), ('PATH', '/opt/gcc-arm-none-eabi-9-2020-q2-update/bin:/robofuzz/targets/px4_ros_com_ros2/install/px4_ros_com/bin:/opt/ros/foxy/bin:/usr/local/sbin:/usr/local/bin:/usr/sbin:/usr/bin:/sbin:/bin'), ('DISPLAY', ':0'), ('LANG', 'C.UTF-8'), ('LS_COLORS', 'rs=0:di=01;34:ln=01;36:mh=00:pi=40;33:so=01;35:do=01;35:bd=40;33;01:cd=40;33;01:or=40;31;01:mi=00:su=37;41:sg=30;43:ca=30;41:tw=30;42:ow=34;42:st=37;44:ex=01;32:*.tar=01;31:*.tgz=01;31:*.arc=01;31:*.arj=01;31:*.taz=01;31:*.lha=01;31:*.lz4=01;31:*.lzh=01;31:*.lzma=01;31:*.tlz=01;31:*.txz=01;31:*.tzo=01;31:*.t7z=01;31:*.zip=01;31:*.z=01;31:*.dz=01;31:*.gz=01;31:*.lrz=01;31:*.lz=01;31:*.lzo=01;31:*.xz=01;31:*.zst=01;31:*.tzst=01;31:*.bz2=01;31:*.bz=01;31:*.tbz=01;31:*.tbz2=01;31:*.tz=01;31:*.deb=01;31:*.rpm=01;31:*.jar=01;31:*.war=01;31:*.ear=01;31:*.sar=01;31:*.rar=01;31:*.alz=01;31:*.ace=01;31:*.zoo=01;31:*.cpio=01;31:*.7z=01;31:*.rz=01;31:*.cab=01;31:*.wim=01;31:*.swm=01;31:*.dwm=01;31:*.esd=01;31:*.jpg=01;35:*.jpeg=01;35:*.mjpg=01;35:*.mjpeg=01;35:*.gif=01;35:*.bmp=01;35:*.pbm=01;35:*.pgm=01;35:*.ppm=01;35:*.tga=01;35:*.xbm=01;35:*.xpm=01;35:*.tif=01;35:*.tiff=01;35:*.png=01;35:*.svg=01;35:*.svgz=01;35:*.mng=01;35:*.pcx=01;35:*.mov=01;35:*.mpg=01;35:*.mpeg=01;35:*.m2v=01;35:*.mkv=01;35:*.webm=01;35:*.ogm=01;35:*.mp4=01;35:*.m4v=01;35:*.mp4v=01;35:*.vob=01;35:*.qt=01;35:*.nuv=01;35:*.wmv=01;35:*.asf=01;35:*.rm=01;35:*.rmvb=01;35:*.flc=01;35:*.avi=01;35:*.fli=01;35:*.flv=01;35:*.gl=01;35:*.dl=01;35:*.xcf=01;35:*.xwd=01;35:*.yuv=01;35:*.cgm=01;35:*.emf=01;35:*.ogv=01;35:*.ogx=01;35:*.aac=00;36:*.au=00;36:*.flac=00;36:*.m4a=00;36:*.mid=00;36:*.midi=00;36:*.mka=00;36:*.mp3=00;36:*.mpc=00;36:*.ogg=00;36:*.ra=00;36:*.wav=00;36:*.oga=00;36:*.opus=00;36:*.spx=00;36:*.xspf=00;36:'), ('AMENT_PREFIX_PATH', '/robofuzz/targets/moveit2_ws/install/moveit2_tutorials:/robofuzz/targets/moveit2_ws/install/moveit_visual_tools:/robofuzz/targets/moveit2_ws/install/rviz_visual_tools:/robofuzz/targets/turtlebot3_ws/install/turtlebot3:/robofuzz/targets/turtlebot3_ws/install/turtlebot3_teleop:/robofuzz/targets/turtlebot3_ws/install/turtlebot3_simulations:/robofuzz/targets/turtlebot3_ws/install/turtlebot3_bringup:/robofuzz/targets/turtlebot3_ws/install/turtlebot3_node:/robofuzz/targets/turtlebot3_ws/install/turtlebot3_navigation2:/robofuzz/targets/turtlebot3_ws/install/turtlebot3_fake_node:/robofuzz/targets/turtlebot3_ws/install/turtlebot3_example:/robofuzz/targets/turtlebot3_ws/install/turtlebot3_msgs:/robofuzz/targets/turtlebot3_ws/install/turtlebot3_gazebo:/robofuzz/targets/turtlebot3_ws/install/turtlebot3_description:/robofuzz/targets/turtlebot3_ws/install/turtlebot3_cartographer:/robofuzz/targets/turtlebot3_ws/install/hls_lfcd_lds_driver:/robofuzz/targets/turtlebot3_ws/install/dynamixel_sdk_examples:/robofuzz/targets/turtlebot3_ws/install/dynamixel_sdk_custom_interfaces:/robofuzz/targets/turtlebot3_ws/install/dynamixel_sdk:/robofuzz/targets/idltest_ws/install/idltest_target:/robofuzz/targets/idltest_ws/install/idltest_msgs:/robofuzz/targets/px4_ros_com_ros2/install/px4_ros_com:/robofuzz/targets/px4_ros_com_ros2/install/px4_msgs:/opt/ros/foxy'), ('PWD', '/robofuzz/robot_localization_ws/build/robot_localization'), ('LC_ALL', 'C.UTF-8'), ('PYTHONPATH', '/robofuzz/targets/turtlebot3_ws/build/turtlebot3_teleop:/robofuzz/targets/turtlebot3_ws/install/turtlebot3_teleop/lib/python3.8/site-packages:/robofuzz/targets/turtlebot3_ws/build/turtlebot3_example:/robofuzz/targets/turtlebot3_ws/install/turtlebot3_example/lib/python3.8/site-packages:/robofuzz/targets/turtlebot3_ws/install/turtlebot3_msgs/lib/python3.8/site-packages:/robofuzz/targets/turtlebot3_ws/install/dynamixel_sdk_custom_interfaces/lib/python3.8/site-packages:/robofuzz/targets/idltest_ws/install/idltest_msgs/lib/python3.8/site-packages:/robofuzz/targets/px4_ros_com_ros2/install/px4_msgs/lib/python3.8/site-packages:/opt/ros/foxy/lib/python3.8/site-packages'), ('COLCON', '1'), ('CMAKE_PREFIX_PATH', '/robofuzz/targets/moveit2_ws/install/moveit2_tutorials:/robofuzz/targets/moveit2_ws/install/moveit_visual_tools:/robofuzz/targets/moveit2_ws/install/rviz_visual_tools:/robofuzz/targets/turtlebot3_ws/install/turtlebot3:/robofuzz/targets/turtlebot3_ws/install/turtlebot3_simulations:/robofuzz/targets/turtlebot3_ws/install/turtlebot3_bringup:/robofuzz/targets/turtlebot3_ws/install/turtlebot3_node:/robofuzz/targets/turtlebot3_ws/install/turtlebot3_navigation2:/robofuzz/targets/turtlebot3_ws/install/turtlebot3_fake_node:/robofuzz/targets/turtlebot3_ws/install/turtlebot3_msgs:/robofuzz/targets/turtlebot3_ws/install/turtlebot3_gazebo:/robofuzz/targets/turtlebot3_ws/install/turtlebot3_description:/robofuzz/targets/turtlebot3_ws/install/turtlebot3_cartographer:/robofuzz/targets/turtlebot3_ws/install/hls_lfcd_lds_driver:/robofuzz/targets/turtlebot3_ws/install/dynamixel_sdk_examples:/robofuzz/targets/turtlebot3_ws/install/dynamixel_sdk_custom_interfaces:/robofuzz/targets/turtlebot3_ws/install/dynamixel_sdk:/robofuzz/targets/idltest_ws/install/idltest_target:/robofuzz/targets/idltest_ws/install/idltest_msgs:/robofuzz/targets/px4_ros_com_ros2/install/px4_ros_com:/robofuzz/targets/px4_ros_com_ros2/install/px4_msgs:/robofuzz/targets/turtlebot3_ws/install/turtlebot3_teleop:/robofuzz/targets/turtlebot3_ws/install/turtlebot3_example:/opt/ros/foxy')]), 'shell': False}
[4.308395] (-) TimerEvent: {}
[4.368505] (robot_localization) StdoutLine: {'line': b'\x1b[35m\x1b[1mScanning dependencies of target gtest_main\x1b[0m\n'}
[4.368704] (robot_localization) StdoutLine: {'line': b'\x1b[35m\x1b[1mScanning dependencies of target gtest\x1b[0m\n'}
[4.368774] (robot_localization) StdoutLine: {'line': b'\x1b[35m\x1b[1mScanning dependencies of target robot_localization__cpp\x1b[0m\n'}
[4.368861] (robot_localization) StdoutLine: {'line': b'[  1%] \x1b[34m\x1b[1mGenerating C code for ROS interfaces\x1b[0m\n'}
[4.385051] (robot_localization) StdoutLine: {'line': b'[  2%] \x1b[34m\x1b[1mGenerating C++ code for ROS interfaces\x1b[0m\n'}
[4.393781] (robot_localization) StdoutLine: {'line': b'[  4%] \x1b[32mBuilding CXX object gtest/CMakeFiles/gtest_main.dir/src/gtest_main.cc.o\x1b[0m\n'}
[4.393971] (robot_localization) StdoutLine: {'line': b'[  4%] \x1b[32mBuilding CXX object gtest/CMakeFiles/gtest.dir/src/gtest-all.cc.o\x1b[0m\n'}
[4.408509] (-) TimerEvent: {}
[4.508778] (-) TimerEvent: {}
[4.609055] (-) TimerEvent: {}
[4.709293] (-) TimerEvent: {}
[4.811371] (-) TimerEvent: {}
[4.850412] (robot_localization) StdoutLine: {'line': b'[  4%] Built target robot_localization__cpp\n'}
[4.869136] (robot_localization) StdoutLine: {'line': b'[  5%] \x1b[34m\x1b[1mGenerating C++ type support for eProsima Fast-RTPS\x1b[0m\n'}
[4.869701] (robot_localization) StdoutLine: {'line': b'[  6%] \x1b[34m\x1b[1mGenerating C++ type support dispatch for ROS interfaces\x1b[0m\n'}
[4.872830] (robot_localization) StdoutLine: {'line': b'[  7%] \x1b[34m\x1b[1mGenerating C++ introspection for ROS interfaces\x1b[0m\n'}
[4.911971] (-) TimerEvent: {}
[4.940163] (robot_localization) StdoutLine: {'line': b'\x1b[35m\x1b[1mScanning dependencies of target robot_localization__rosidl_generator_c\x1b[0m\n'}
[4.973415] (robot_localization) StdoutLine: {'line': b'[  8%] \x1b[32mBuilding C object CMakeFiles/robot_localization__rosidl_generator_c.dir/rosidl_generator_c/robot_localization/srv/detail/get_state__functions.c.o\x1b[0m\n'}
[4.975109] (robot_localization) StdoutLine: {'line': b'[  9%] \x1b[32mBuilding C object CMakeFiles/robot_localization__rosidl_generator_c.dir/rosidl_generator_c/robot_localization/srv/detail/from_ll__functions.c.o\x1b[0m\n'}
[4.976031] (robot_localization) StdoutLine: {'line': b'[  9%] \x1b[32mBuilding C object CMakeFiles/robot_localization__rosidl_generator_c.dir/rosidl_generator_c/robot_localization/srv/detail/set_datum__functions.c.o\x1b[0m\n'}
[4.977386] (robot_localization) StdoutLine: {'line': b'[ 10%] \x1b[32mBuilding C object CMakeFiles/robot_localization__rosidl_generator_c.dir/rosidl_generator_c/robot_localization/srv/detail/to_ll__functions.c.o\x1b[0m\n'}
[4.978298] (robot_localization) StdoutLine: {'line': b'[ 11%] \x1b[32mBuilding C object CMakeFiles/robot_localization__rosidl_generator_c.dir/rosidl_generator_c/robot_localization/srv/detail/set_pose__functions.c.o\x1b[0m\n'}
[4.979047] (robot_localization) StdoutLine: {'line': b'[ 12%] \x1b[32mBuilding C object CMakeFiles/robot_localization__rosidl_generator_c.dir/rosidl_generator_c/robot_localization/srv/detail/toggle_filter_processing__functions.c.o\x1b[0m\n'}
[5.013295] (-) TimerEvent: {}
[5.113781] (-) TimerEvent: {}
[5.191956] (robot_localization) StdoutLine: {'line': b'[ 13%] \x1b[32m\x1b[1mLinking C shared library librobot_localization__rosidl_generator_c.so\x1b[0m\n'}
[5.213894] (-) TimerEvent: {}
[5.244415] (robot_localization) StdoutLine: {'line': b'[ 13%] \x1b[32m\x1b[1mLinking CXX static library libgtest_main.a\x1b[0m\n'}
[5.252898] (robot_localization) StdoutLine: {'line': b'[ 13%] Built target robot_localization__rosidl_generator_c\n'}
[5.268967] (robot_localization) StdoutLine: {'line': b'[ 14%] \x1b[34m\x1b[1mGenerating C introspection for ROS interfaces\x1b[0m\n'}
[5.269189] (robot_localization) StdoutLine: {'line': b'[ 15%] \x1b[34m\x1b[1mGenerating C type support dispatch for ROS interfaces\x1b[0m\n'}
[5.308374] (robot_localization) StdoutLine: {'line': b'[ 15%] Built target gtest_main\n'}
[5.314004] (-) TimerEvent: {}
[5.327208] (robot_localization) StdoutLine: {'line': b'\x1b[35m\x1b[1mScanning dependencies of target robot_localization__rosidl_typesupport_cpp\x1b[0m\n'}
[5.356964] (robot_localization) StdoutLine: {'line': b'[ 16%] \x1b[32mBuilding CXX object CMakeFiles/robot_localization__rosidl_typesupport_cpp.dir/rosidl_typesupport_cpp/robot_localization/srv/from_ll__type_support.cpp.o\x1b[0m\n'}
[5.366393] (robot_localization) StdoutLine: {'line': b'[ 18%] \x1b[32mBuilding CXX object CMakeFiles/robot_localization__rosidl_typesupport_cpp.dir/rosidl_typesupport_cpp/robot_localization/srv/get_state__type_support.cpp.o\x1b[0m\n'}
[5.366647] (robot_localization) StdoutLine: {'line': b'[ 18%] \x1b[32mBuilding CXX object CMakeFiles/robot_localization__rosidl_typesupport_cpp.dir/rosidl_typesupport_cpp/robot_localization/srv/set_datum__type_support.cpp.o\x1b[0m\n'}
[5.370762] (robot_localization) StdoutLine: {'line': b'[ 19%] \x1b[32mBuilding CXX object CMakeFiles/robot_localization__rosidl_typesupport_cpp.dir/rosidl_typesupport_cpp/robot_localization/srv/set_pose__type_support.cpp.o\x1b[0m\n'}
[5.379805] (robot_localization) StdoutLine: {'line': b'[ 20%] \x1b[32mBuilding CXX object CMakeFiles/robot_localization__rosidl_typesupport_cpp.dir/rosidl_typesupport_cpp/robot_localization/srv/toggle_filter_processing__type_support.cpp.o\x1b[0m\n'}
[5.380048] (robot_localization) StdoutLine: {'line': b'[ 20%] \x1b[32mBuilding CXX object CMakeFiles/robot_localization__rosidl_typesupport_cpp.dir/rosidl_typesupport_cpp/robot_localization/srv/to_ll__type_support.cpp.o\x1b[0m\n'}
[5.385942] (robot_localization) StdoutLine: {'line': b'\x1b[35m\x1b[1mScanning dependencies of target robot_localization__rosidl_typesupport_introspection_cpp\x1b[0m\n'}
[5.414113] (-) TimerEvent: {}
[5.422821] (robot_localization) StdoutLine: {'line': b'[ 21%] \x1b[32mBuilding CXX object CMakeFiles/robot_localization__rosidl_typesupport_introspection_cpp.dir/rosidl_typesupport_introspection_cpp/robot_localization/srv/detail/get_state__type_support.cpp.o\x1b[0m\n'}
[5.430449] (robot_localization) StdoutLine: {'line': b'[ 21%] \x1b[32mBuilding CXX object CMakeFiles/robot_localization__rosidl_typesupport_introspection_cpp.dir/rosidl_typesupport_introspection_cpp/robot_localization/srv/detail/from_ll__type_support.cpp.o\x1b[0m\n'}
[5.514240] (-) TimerEvent: {}
[5.614748] (-) TimerEvent: {}
[5.716263] (-) TimerEvent: {}
[5.775092] (robot_localization) StdoutLine: {'line': b'\x1b[35m\x1b[1mScanning dependencies of target robot_localization__rosidl_typesupport_fastrtps_cpp\x1b[0m\n'}
[5.816386] (-) TimerEvent: {}
[5.887072] (robot_localization) StdoutLine: {'line': b'[ 22%] \x1b[32mBuilding CXX object CMakeFiles/robot_localization__rosidl_typesupport_fastrtps_cpp.dir/rosidl_typesupport_fastrtps_cpp/robot_localization/srv/detail/dds_fastrtps/get_state__type_support.cpp.o\x1b[0m\n'}
[5.891881] (robot_localization) StdoutLine: {'line': b'[ 23%] \x1b[32mBuilding CXX object CMakeFiles/robot_localization__rosidl_typesupport_fastrtps_cpp.dir/rosidl_typesupport_fastrtps_cpp/robot_localization/srv/detail/dds_fastrtps/from_ll__type_support.cpp.o\x1b[0m\n'}
[5.904707] (robot_localization) StdoutLine: {'line': b'[ 24%] \x1b[32mBuilding CXX object CMakeFiles/robot_localization__rosidl_typesupport_fastrtps_cpp.dir/rosidl_typesupport_fastrtps_cpp/robot_localization/srv/detail/dds_fastrtps/set_datum__type_support.cpp.o\x1b[0m\n'}
[5.916532] (-) TimerEvent: {}
[5.937579] (robot_localization) StdoutLine: {'line': b'[ 25%] \x1b[32mBuilding CXX object CMakeFiles/robot_localization__rosidl_typesupport_introspection_cpp.dir/rosidl_typesupport_introspection_cpp/robot_localization/srv/detail/set_datum__type_support.cpp.o\x1b[0m\n'}
[5.953365] (robot_localization) StdoutLine: {'line': b'[ 25%] \x1b[32mBuilding CXX object CMakeFiles/robot_localization__rosidl_typesupport_fastrtps_cpp.dir/rosidl_typesupport_fastrtps_cpp/robot_localization/srv/detail/dds_fastrtps/set_pose__type_support.cpp.o\x1b[0m\n'}
[5.955347] (robot_localization) StdoutLine: {'line': b'[ 26%] \x1b[32mBuilding CXX object CMakeFiles/robot_localization__rosidl_typesupport_introspection_cpp.dir/rosidl_typesupport_introspection_cpp/robot_localization/srv/detail/set_pose__type_support.cpp.o\x1b[0m\n'}
[5.962510] (robot_localization) StdoutLine: {'line': b'\x1b[35m\x1b[1mScanning dependencies of target robot_localization__rosidl_typesupport_c\x1b[0m\n'}
[5.963882] (robot_localization) StdoutLine: {'line': b'[ 27%] \x1b[32m\x1b[1mLinking CXX shared library librobot_localization__rosidl_typesupport_cpp.so\x1b[0m\n'}
[5.976052] (robot_localization) StdoutLine: {'line': b'[ 28%] \x1b[32mBuilding CXX object CMakeFiles/robot_localization__rosidl_typesupport_introspection_cpp.dir/rosidl_typesupport_introspection_cpp/robot_localization/srv/detail/toggle_filter_processing__type_support.cpp.o\x1b[0m\n'}
[5.999089] (robot_localization) StdoutLine: {'line': b'[ 28%] \x1b[32mBuilding CXX object CMakeFiles/robot_localization__rosidl_typesupport_c.dir/rosidl_typesupport_c/robot_localization/srv/from_ll__type_support.cpp.o\x1b[0m\n'}
[6.016650] (-) TimerEvent: {}
[6.072457] (robot_localization) StdoutLine: {'line': b'[ 29%] \x1b[32mBuilding CXX object CMakeFiles/robot_localization__rosidl_typesupport_c.dir/rosidl_typesupport_c/robot_localization/srv/get_state__type_support.cpp.o\x1b[0m\n'}
[6.106781] (robot_localization) StdoutLine: {'line': b'[ 29%] Built target robot_localization__rosidl_typesupport_cpp\n'}
[6.116401] (robot_localization) StdoutLine: {'line': b'[ 30%] \x1b[32mBuilding CXX object CMakeFiles/robot_localization__rosidl_typesupport_c.dir/rosidl_typesupport_c/robot_localization/srv/set_datum__type_support.cpp.o\x1b[0m\n'}
[6.117545] (-) TimerEvent: {}
[6.127843] (robot_localization) StdoutLine: {'line': b'[ 31%] \x1b[32mBuilding CXX object CMakeFiles/robot_localization__rosidl_typesupport_introspection_cpp.dir/rosidl_typesupport_introspection_cpp/robot_localization/srv/detail/to_ll__type_support.cpp.o\x1b[0m\n'}
[6.184416] (robot_localization) StdoutLine: {'line': b'[ 32%] \x1b[32mBuilding CXX object CMakeFiles/robot_localization__rosidl_typesupport_c.dir/rosidl_typesupport_c/robot_localization/srv/set_pose__type_support.cpp.o\x1b[0m\n'}
[6.199916] (robot_localization) StdoutLine: {'line': b'[ 33%] \x1b[32mBuilding CXX object CMakeFiles/robot_localization__rosidl_typesupport_c.dir/rosidl_typesupport_c/robot_localization/srv/toggle_filter_processing__type_support.cpp.o\x1b[0m\n'}
[6.217700] (-) TimerEvent: {}
[6.256814] (robot_localization) StdoutLine: {'line': b'\x1b[35m\x1b[1mScanning dependencies of target robot_localization__rosidl_typesupport_introspection_c\x1b[0m\n'}
[6.271054] (robot_localization) StdoutLine: {'line': b'[ 34%] \x1b[32mBuilding CXX object CMakeFiles/robot_localization__rosidl_typesupport_c.dir/rosidl_typesupport_c/robot_localization/srv/to_ll__type_support.cpp.o\x1b[0m\n'}
[6.277296] (robot_localization) StdoutLine: {'line': b'[ 35%] \x1b[32mBuilding CXX object CMakeFiles/robot_localization__rosidl_typesupport_fastrtps_cpp.dir/rosidl_typesupport_fastrtps_cpp/robot_localization/srv/detail/dds_fastrtps/toggle_filter_processing__type_support.cpp.o\x1b[0m\n'}
[6.318332] (robot_localization) StdoutLine: {'line': b'[ 36%] \x1b[32mBuilding C object CMakeFiles/robot_localization__rosidl_typesupport_introspection_c.dir/rosidl_typesupport_introspection_c/robot_localization/srv/detail/from_ll__type_support.c.o\x1b[0m\n'}
[6.319492] (-) TimerEvent: {}
[6.347952] (robot_localization) StdoutLine: {'line': b'[ 37%] \x1b[32m\x1b[1mLinking CXX shared library librobot_localization__rosidl_typesupport_c.so\x1b[0m\n'}
[6.420337] (-) TimerEvent: {}
[6.431279] (robot_localization) StdoutLine: {'line': b'[ 38%] \x1b[32mBuilding C object CMakeFiles/robot_localization__rosidl_typesupport_introspection_c.dir/rosidl_typesupport_introspection_c/robot_localization/srv/detail/get_state__type_support.c.o\x1b[0m\n'}
[6.450275] (robot_localization) StdoutLine: {'line': b'[ 39%] \x1b[32mBuilding CXX object CMakeFiles/robot_localization__rosidl_typesupport_fastrtps_cpp.dir/rosidl_typesupport_fastrtps_cpp/robot_localization/srv/detail/dds_fastrtps/to_ll__type_support.cpp.o\x1b[0m\n'}
[6.451501] (robot_localization) StdoutLine: {'line': b'[ 39%] Built target robot_localization__rosidl_typesupport_c\n'}
[6.469554] (robot_localization) StdoutLine: {'line': b'[ 39%] \x1b[32mBuilding C object CMakeFiles/robot_localization__rosidl_typesupport_introspection_c.dir/rosidl_typesupport_introspection_c/robot_localization/srv/detail/set_datum__type_support.c.o\x1b[0m\n'}
[6.477029] (robot_localization) StdoutLine: {'line': b'[ 40%] \x1b[32mBuilding C object CMakeFiles/robot_localization__rosidl_typesupport_introspection_c.dir/rosidl_typesupport_introspection_c/robot_localization/srv/detail/set_pose__type_support.c.o\x1b[0m\n'}
[6.520537] (-) TimerEvent: {}
[6.527918] (robot_localization) StdoutLine: {'line': b'[ 41%] \x1b[32mBuilding C object CMakeFiles/robot_localization__rosidl_typesupport_introspection_c.dir/rosidl_typesupport_introspection_c/robot_localization/srv/detail/toggle_filter_processing__type_support.c.o\x1b[0m\n'}
[6.557305] (robot_localization) StdoutLine: {'line': b'[ 42%] \x1b[32mBuilding C object CMakeFiles/robot_localization__rosidl_typesupport_introspection_c.dir/rosidl_typesupport_introspection_c/robot_localization/srv/detail/to_ll__type_support.c.o\x1b[0m\n'}
[6.620612] (-) TimerEvent: {}
[6.661596] (robot_localization) StdoutLine: {'line': b'[ 43%] \x1b[32m\x1b[1mLinking CXX shared library librobot_localization__rosidl_typesupport_introspection_cpp.so\x1b[0m\n'}
[6.662963] (robot_localization) StdoutLine: {'line': b'[ 44%] \x1b[32m\x1b[1mLinking C shared library librobot_localization__rosidl_typesupport_introspection_c.so\x1b[0m\n'}
[6.720747] (-) TimerEvent: {}
[6.730299] (robot_localization) StdoutLine: {'line': b'[ 44%] Built target robot_localization__rosidl_typesupport_introspection_c\n'}
[6.778753] (robot_localization) StdoutLine: {'line': b'[ 44%] Built target robot_localization__rosidl_typesupport_introspection_cpp\n'}
[6.820856] (-) TimerEvent: {}
[6.921175] (-) TimerEvent: {}
[7.000445] (robot_localization) StdoutLine: {'line': b'[ 45%] \x1b[32m\x1b[1mLinking CXX shared library librobot_localization__rosidl_typesupport_fastrtps_cpp.so\x1b[0m\n'}
[7.021293] (-) TimerEvent: {}
[7.117989] (robot_localization) StdoutLine: {'line': b'[ 45%] Built target robot_localization__rosidl_typesupport_fastrtps_cpp\n'}
[7.121373] (-) TimerEvent: {}
[7.134803] (robot_localization) StdoutLine: {'line': b'[ 46%] \x1b[34m\x1b[1mGenerating C type support for eProsima Fast-RTPS\x1b[0m\n'}
[7.221474] (-) TimerEvent: {}
[7.321721] (-) TimerEvent: {}
[7.422001] (-) TimerEvent: {}
[7.522319] (-) TimerEvent: {}
[7.553448] (robot_localization) StdoutLine: {'line': b'\x1b[35m\x1b[1mScanning dependencies of target robot_localization__rosidl_typesupport_fastrtps_c\x1b[0m\n'}
[7.592446] (robot_localization) StdoutLine: {'line': b'[ 48%] \x1b[32mBuilding CXX object CMakeFiles/robot_localization__rosidl_typesupport_fastrtps_c.dir/rosidl_typesupport_fastrtps_c/robot_localization/srv/detail/set_datum__type_support_c.cpp.o\x1b[0m\n'}
[7.592638] (robot_localization) StdoutLine: {'line': b'[ 48%] \x1b[32mBuilding CXX object CMakeFiles/robot_localization__rosidl_typesupport_fastrtps_c.dir/rosidl_typesupport_fastrtps_c/robot_localization/srv/detail/set_pose__type_support_c.cpp.o\x1b[0m\n'}
[7.592851] (robot_localization) StdoutLine: {'line': b'[ 50%] \x1b[32mBuilding CXX object CMakeFiles/robot_localization__rosidl_typesupport_fastrtps_c.dir/rosidl_typesupport_fastrtps_c/robot_localization/srv/detail/get_state__type_support_c.cpp.o\x1b[0m\n'}
[7.592944] (robot_localization) StdoutLine: {'line': b'[ 50%] \x1b[32mBuilding CXX object CMakeFiles/robot_localization__rosidl_typesupport_fastrtps_c.dir/rosidl_typesupport_fastrtps_c/robot_localization/srv/detail/from_ll__type_support_c.cpp.o\x1b[0m\n'}
[7.595245] (robot_localization) StdoutLine: {'line': b'[ 51%] \x1b[32mBuilding CXX object CMakeFiles/robot_localization__rosidl_typesupport_fastrtps_c.dir/rosidl_typesupport_fastrtps_c/robot_localization/srv/detail/to_ll__type_support_c.cpp.o\x1b[0m\n'}
[7.595444] (robot_localization) StdoutLine: {'line': b'[ 51%] \x1b[32mBuilding CXX object CMakeFiles/robot_localization__rosidl_typesupport_fastrtps_c.dir/rosidl_typesupport_fastrtps_c/robot_localization/srv/detail/toggle_filter_processing__type_support_c.cpp.o\x1b[0m\n'}
[7.622432] (-) TimerEvent: {}
[7.722783] (-) TimerEvent: {}
[7.823164] (-) TimerEvent: {}
[7.923538] (-) TimerEvent: {}
[8.023955] (-) TimerEvent: {}
[8.124345] (-) TimerEvent: {}
[8.141663] (robot_localization) StdoutLine: {'line': b'[ 52%] \x1b[32m\x1b[1mLinking CXX shared library librobot_localization__rosidl_typesupport_fastrtps_c.so\x1b[0m\n'}
[8.224503] (-) TimerEvent: {}
[8.262726] (robot_localization) StdoutLine: {'line': b'[ 52%] Built target robot_localization__rosidl_typesupport_fastrtps_c\n'}
[8.277139] (robot_localization) StdoutLine: {'line': b'\x1b[35m\x1b[1mScanning dependencies of target robot_localization\x1b[0m\n'}
[8.293629] (robot_localization) StdoutLine: {'line': b'[ 52%] Built target robot_localization\n'}
[8.308448] (robot_localization) StdoutLine: {'line': b'\x1b[35m\x1b[1mScanning dependencies of target rl_lib\x1b[0m\n'}
[8.308670] (robot_localization) StdoutLine: {'line': b'\x1b[35m\x1b[1mScanning dependencies of target robot_localization__py\x1b[0m\n'}
[8.324618] (-) TimerEvent: {}
[8.326735] (robot_localization) StdoutLine: {'line': b'[ 53%] \x1b[34m\x1b[1mGenerating Python code for ROS interfaces\x1b[0m\n'}
[8.424715] (-) TimerEvent: {}
[8.524975] (-) TimerEvent: {}
[8.549441] (robot_localization) StdoutLine: {'line': b'[ 56%] \x1b[32mBuilding CXX object CMakeFiles/rl_lib.dir/src/ekf.cpp.o\x1b[0m\n'}
[8.549659] (robot_localization) StdoutLine: {'line': b'[ 56%] \x1b[32mBuilding CXX object CMakeFiles/rl_lib.dir/src/filter_base.cpp.o\x1b[0m\n'}
[8.549756] (robot_localization) StdoutLine: {'line': b'[ 56%] \x1b[32mBuilding CXX object CMakeFiles/rl_lib.dir/src/ukf.cpp.o\x1b[0m\n'}
[8.553320] (robot_localization) StdoutLine: {'line': b'[ 57%] \x1b[32mBuilding CXX object CMakeFiles/rl_lib.dir/src/filter_utilities.cpp.o\x1b[0m\n'}
[8.560671] (robot_localization) StdoutLine: {'line': b'[ 57%] \x1b[32mBuilding CXX object CMakeFiles/rl_lib.dir/src/robot_localization_estimator.cpp.o\x1b[0m\n'}
[8.560944] (robot_localization) StdoutLine: {'line': b'[ 58%] \x1b[32mBuilding CXX object CMakeFiles/rl_lib.dir/src/navsat_transform.cpp.o\x1b[0m\n'}
[8.562054] (robot_localization) StdoutLine: {'line': b'[ 59%] \x1b[32mBuilding CXX object CMakeFiles/rl_lib.dir/src/ros_filter.cpp.o\x1b[0m\n'}
[8.563237] (robot_localization) StdoutLine: {'line': b'[ 60%] \x1b[32mBuilding CXX object CMakeFiles/rl_lib.dir/src/ros_filter_utilities.cpp.o\x1b[0m\n'}
[8.566605] (robot_localization) StdoutLine: {'line': b'[ 61%] \x1b[32mBuilding CXX object CMakeFiles/rl_lib.dir/src/ros_robot_localization_listener.cpp.o\x1b[0m\n'}
[8.625870] (-) TimerEvent: {}
[8.726284] (-) TimerEvent: {}
[8.827400] (-) TimerEvent: {}
[8.928363] (-) TimerEvent: {}
[9.030484] (-) TimerEvent: {}
[9.131140] (-) TimerEvent: {}
[9.234307] (-) TimerEvent: {}
[9.335102] (-) TimerEvent: {}
[9.437999] (-) TimerEvent: {}
[9.539255] (-) TimerEvent: {}
[9.639990] (-) TimerEvent: {}
[9.740650] (-) TimerEvent: {}
[9.874209] (-) TimerEvent: {}
[9.975483] (-) TimerEvent: {}
[10.078508] (-) TimerEvent: {}
[10.146898] (robot_localization) StdoutLine: {'line': b'[ 61%] Built target robot_localization__py\n'}
[10.170915] (robot_localization) StdoutLine: {'line': b'\x1b[35m\x1b[1mScanning dependencies of target robot_localization__python\x1b[0m\n'}
[10.178721] (-) TimerEvent: {}
[10.260264] (robot_localization) StdoutLine: {'line': b'[ 62%] \x1b[32mBuilding C object CMakeFiles/robot_localization__python.dir/rosidl_generator_py/robot_localization/srv/_from_ll_s.c.o\x1b[0m\n'}
[10.278853] (-) TimerEvent: {}
[10.284332] (robot_localization) StdoutLine: {'line': b'[ 62%] \x1b[32mBuilding C object CMakeFiles/robot_localization__python.dir/rosidl_generator_py/robot_localization/srv/_get_state_s.c.o\x1b[0m\n'}
[10.379409] (-) TimerEvent: {}
[10.480061] (-) TimerEvent: {}
[10.532061] (robot_localization) StdoutLine: {'line': b'[ 63%] \x1b[32mBuilding C object CMakeFiles/robot_localization__python.dir/rosidl_generator_py/robot_localization/srv/_set_datum_s.c.o\x1b[0m\n'}
[10.580204] (-) TimerEvent: {}
[10.583572] (robot_localization) StdoutLine: {'line': b'[ 64%] \x1b[32mBuilding C object CMakeFiles/robot_localization__python.dir/rosidl_generator_py/robot_localization/srv/_set_pose_s.c.o\x1b[0m\n'}
[10.663914] (robot_localization) StdoutLine: {'line': b'[ 65%] \x1b[32mBuilding C object CMakeFiles/robot_localization__python.dir/rosidl_generator_py/robot_localization/srv/_toggle_filter_processing_s.c.o\x1b[0m\n'}
[10.680316] (-) TimerEvent: {}
[10.780930] (-) TimerEvent: {}
[10.844448] (robot_localization) StdoutLine: {'line': b'[ 66%] \x1b[32mBuilding C object CMakeFiles/robot_localization__python.dir/rosidl_generator_py/robot_localization/srv/_to_ll_s.c.o\x1b[0m\n'}
[10.881053] (-) TimerEvent: {}
[10.982009] (-) TimerEvent: {}
[11.084582] (-) TimerEvent: {}
[11.185045] (-) TimerEvent: {}
[11.284325] (robot_localization) StdoutLine: {'line': b'[ 67%] \x1b[32m\x1b[1mLinking C shared library rosidl_generator_py/robot_localization/librobot_localization__python.so\x1b[0m\n'}
[11.286181] (-) TimerEvent: {}
[11.387328] (-) TimerEvent: {}
[11.445794] (robot_localization) StdoutLine: {'line': b'[ 67%] Built target robot_localization__python\n'}
[11.472975] (robot_localization) StdoutLine: {'line': b'\x1b[35m\x1b[1mScanning dependencies of target robot_localization__rosidl_typesupport_fastrtps_c__pyext\x1b[0m\n'}
[11.482357] (robot_localization) StdoutLine: {'line': b'\x1b[35m\x1b[1mScanning dependencies of target robot_localization__rosidl_typesupport_introspection_c__pyext\x1b[0m\n'}
[11.487462] (-) TimerEvent: {}
[11.492614] (robot_localization) StdoutLine: {'line': b'\x1b[35m\x1b[1mScanning dependencies of target robot_localization__rosidl_typesupport_c__pyext\x1b[0m\n'}
[11.540245] (robot_localization) StdoutLine: {'line': b'[ 68%] \x1b[32mBuilding C object CMakeFiles/robot_localization__rosidl_typesupport_fastrtps_c__pyext.dir/rosidl_generator_py/robot_localization/_robot_localization_s.ep.rosidl_typesupport_fastrtps_c.c.o\x1b[0m\n'}
[11.544693] (robot_localization) StdoutLine: {'line': b'[ 69%] \x1b[32mBuilding C object CMakeFiles/robot_localization__rosidl_typesupport_introspection_c__pyext.dir/rosidl_generator_py/robot_localization/_robot_localization_s.ep.rosidl_typesupport_introspection_c.c.o\x1b[0m\n'}
[11.581299] (robot_localization) StdoutLine: {'line': b'[ 70%] \x1b[32mBuilding C object CMakeFiles/robot_localization__rosidl_typesupport_c__pyext.dir/rosidl_generator_py/robot_localization/_robot_localization_s.ep.rosidl_typesupport_c.c.o\x1b[0m\n'}
[11.587593] (-) TimerEvent: {}
[11.688217] (-) TimerEvent: {}
[11.788870] (-) TimerEvent: {}
[11.889506] (-) TimerEvent: {}
[11.992721] (-) TimerEvent: {}
[12.041445] (robot_localization) StdoutLine: {'line': b'[ 71%] \x1b[32m\x1b[1mLinking CXX shared library rosidl_generator_py/robot_localization/robot_localization_s__rosidl_typesupport_fastrtps_c.cpython-38-x86_64-linux-gnu.so\x1b[0m\n'}
[12.051102] (robot_localization) StdoutLine: {'line': b'[ 72%] \x1b[32m\x1b[1mLinking C shared library rosidl_generator_py/robot_localization/robot_localization_s__rosidl_typesupport_introspection_c.cpython-38-x86_64-linux-gnu.so\x1b[0m\n'}
[12.092872] (-) TimerEvent: {}
[12.146166] (robot_localization) StdoutLine: {'line': b'[ 72%] Built target robot_localization__rosidl_typesupport_introspection_c__pyext\n'}
[12.193319] (-) TimerEvent: {}
[12.195853] (robot_localization) StdoutLine: {'line': b'[ 72%] Built target robot_localization__rosidl_typesupport_fastrtps_c__pyext\n'}
[12.240051] (robot_localization) StdoutLine: {'line': b'[ 72%] \x1b[32m\x1b[1mLinking C shared library rosidl_generator_py/robot_localization/robot_localization_s__rosidl_typesupport_c.cpython-38-x86_64-linux-gnu.so\x1b[0m\n'}
[12.294320] (-) TimerEvent: {}
[12.326173] (robot_localization) StdoutLine: {'line': b'[ 72%] Built target robot_localization__rosidl_typesupport_c__pyext\n'}
[12.394471] (-) TimerEvent: {}
[12.494971] (-) TimerEvent: {}
[12.595555] (-) TimerEvent: {}
[12.695930] (-) TimerEvent: {}
[12.796316] (-) TimerEvent: {}
[12.896745] (-) TimerEvent: {}
[12.997308] (-) TimerEvent: {}
[13.097723] (-) TimerEvent: {}
[13.198426] (-) TimerEvent: {}
[13.298842] (-) TimerEvent: {}
[13.399309] (-) TimerEvent: {}
[13.499717] (-) TimerEvent: {}
[13.600257] (-) TimerEvent: {}
[13.700667] (-) TimerEvent: {}
[13.801080] (-) TimerEvent: {}
[13.901510] (-) TimerEvent: {}
[14.001952] (-) TimerEvent: {}
[14.102389] (-) TimerEvent: {}
[14.203095] (-) TimerEvent: {}
[14.303477] (-) TimerEvent: {}
[14.403856] (-) TimerEvent: {}
[14.504284] (-) TimerEvent: {}
[14.604723] (-) TimerEvent: {}
[14.705074] (-) TimerEvent: {}
[14.805525] (-) TimerEvent: {}
[14.905964] (-) TimerEvent: {}
[15.006364] (-) TimerEvent: {}
[15.106757] (-) TimerEvent: {}
[15.207163] (-) TimerEvent: {}
[15.307563] (-) TimerEvent: {}
[15.407966] (-) TimerEvent: {}
[15.508318] (-) TimerEvent: {}
[15.608718] (-) TimerEvent: {}
[15.709077] (-) TimerEvent: {}
[15.809472] (-) TimerEvent: {}
[15.909876] (-) TimerEvent: {}
[16.010258] (-) TimerEvent: {}
[16.110660] (-) TimerEvent: {}
[16.211036] (-) TimerEvent: {}
[16.311429] (-) TimerEvent: {}
[16.411803] (-) TimerEvent: {}
[16.512170] (-) TimerEvent: {}
[16.612536] (-) TimerEvent: {}
[16.712841] (-) TimerEvent: {}
[16.813158] (-) TimerEvent: {}
[16.913589] (-) TimerEvent: {}
[17.013980] (-) TimerEvent: {}
[17.114362] (-) TimerEvent: {}
[17.214710] (-) TimerEvent: {}
[17.315100] (-) TimerEvent: {}
[17.415512] (-) TimerEvent: {}
[17.515944] (-) TimerEvent: {}
[17.615903] (robot_localization) StdoutLine: {'line': b'[ 73%] \x1b[32m\x1b[1mLinking CXX static library libgtest.a\x1b[0m\n'}
[17.616164] (-) TimerEvent: {}
[17.716451] (-) TimerEvent: {}
[17.750782] (robot_localization) StdoutLine: {'line': b'[ 73%] Built target gtest\n'}
[17.816577] (-) TimerEvent: {}
[17.916990] (-) TimerEvent: {}
[18.017441] (-) TimerEvent: {}
[18.117743] (-) TimerEvent: {}
[18.218047] (-) TimerEvent: {}
[18.318388] (-) TimerEvent: {}
[18.418731] (-) TimerEvent: {}
[18.519020] (-) TimerEvent: {}
[18.619298] (-) TimerEvent: {}
[18.719610] (-) TimerEvent: {}
[18.819917] (-) TimerEvent: {}
[18.920294] (-) TimerEvent: {}
[19.020626] (-) TimerEvent: {}
[19.120981] (-) TimerEvent: {}
[19.221313] (-) TimerEvent: {}
[19.321631] (-) TimerEvent: {}
[19.421941] (-) TimerEvent: {}
[19.522279] (-) TimerEvent: {}
[19.622621] (-) TimerEvent: {}
[19.722976] (-) TimerEvent: {}
[19.823286] (-) TimerEvent: {}
[19.923590] (-) TimerEvent: {}
[20.023900] (-) TimerEvent: {}
[20.124201] (-) TimerEvent: {}
[20.224523] (-) TimerEvent: {}
[20.324850] (-) TimerEvent: {}
[20.425180] (-) TimerEvent: {}
[20.525893] (-) TimerEvent: {}
[20.626214] (-) TimerEvent: {}
[20.726547] (-) TimerEvent: {}
[20.826859] (-) TimerEvent: {}
[20.927143] (-) TimerEvent: {}
[21.027474] (-) TimerEvent: {}
[21.127812] (-) TimerEvent: {}
[21.228187] (-) TimerEvent: {}
[21.328523] (-) TimerEvent: {}
[21.428846] (-) TimerEvent: {}
[21.529167] (-) TimerEvent: {}
[21.629487] (-) TimerEvent: {}
[21.729778] (-) TimerEvent: {}
[21.830126] (-) TimerEvent: {}
[21.930466] (-) TimerEvent: {}
[22.030773] (-) TimerEvent: {}
[22.131092] (-) TimerEvent: {}
[22.231425] (-) TimerEvent: {}
[22.331731] (-) TimerEvent: {}
[22.432012] (-) TimerEvent: {}
[22.532294] (-) TimerEvent: {}
[22.632570] (-) TimerEvent: {}
[22.732879] (-) TimerEvent: {}
[22.833190] (-) TimerEvent: {}
[22.933518] (-) TimerEvent: {}
[23.033832] (-) TimerEvent: {}
[23.134267] (-) TimerEvent: {}
[23.234582] (-) TimerEvent: {}
[23.334877] (-) TimerEvent: {}
[23.435200] (-) TimerEvent: {}
[23.535536] (-) TimerEvent: {}
[23.635863] (-) TimerEvent: {}
[23.736135] (-) TimerEvent: {}
[23.836435] (-) TimerEvent: {}
[23.936761] (-) TimerEvent: {}
[24.037027] (-) TimerEvent: {}
[24.137319] (-) TimerEvent: {}
[24.237605] (-) TimerEvent: {}
[24.337898] (-) TimerEvent: {}
[24.438174] (-) TimerEvent: {}
[24.538468] (-) TimerEvent: {}
[24.638784] (-) TimerEvent: {}
[24.739079] (-) TimerEvent: {}
[24.839482] (-) TimerEvent: {}
[24.939762] (-) TimerEvent: {}
[25.040049] (-) TimerEvent: {}
[25.140309] (-) TimerEvent: {}
[25.240622] (-) TimerEvent: {}
[25.340894] (-) TimerEvent: {}
[25.441179] (-) TimerEvent: {}
[25.541529] (-) TimerEvent: {}
[25.641969] (-) TimerEvent: {}
[25.742286] (-) TimerEvent: {}
[25.842592] (-) TimerEvent: {}
[25.942910] (-) TimerEvent: {}
[26.043218] (-) TimerEvent: {}
[26.143529] (-) TimerEvent: {}
[26.243821] (-) TimerEvent: {}
[26.344158] (-) TimerEvent: {}
[26.444484] (-) TimerEvent: {}
[26.544789] (-) TimerEvent: {}
[26.645113] (-) TimerEvent: {}
[26.745442] (-) TimerEvent: {}
[26.845783] (-) TimerEvent: {}
[26.946173] (-) TimerEvent: {}
[27.046518] (-) TimerEvent: {}
[27.146835] (-) TimerEvent: {}
[27.247183] (-) TimerEvent: {}
[27.347529] (-) TimerEvent: {}
[27.447824] (-) TimerEvent: {}
[27.548139] (-) TimerEvent: {}
[27.648543] (-) TimerEvent: {}
[27.748845] (-) TimerEvent: {}
[27.849181] (-) TimerEvent: {}
[27.949607] (-) TimerEvent: {}
[28.049889] (-) TimerEvent: {}
[28.150197] (-) TimerEvent: {}
[28.250582] (-) TimerEvent: {}
[28.350926] (-) TimerEvent: {}
[28.451403] (-) TimerEvent: {}
[28.551880] (-) TimerEvent: {}
[28.652286] (-) TimerEvent: {}
[28.752574] (-) TimerEvent: {}
[28.852914] (-) TimerEvent: {}
[28.953303] (-) TimerEvent: {}
[29.053640] (-) TimerEvent: {}
[29.153954] (-) TimerEvent: {}
[29.254249] (-) TimerEvent: {}
[29.354551] (-) TimerEvent: {}
[29.454835] (-) TimerEvent: {}
[29.555136] (-) TimerEvent: {}
[29.655435] (-) TimerEvent: {}
[29.755707] (-) TimerEvent: {}
[29.856004] (-) TimerEvent: {}
[29.956304] (-) TimerEvent: {}
[30.056593] (-) TimerEvent: {}
[30.156895] (-) TimerEvent: {}
[30.257180] (-) TimerEvent: {}
[30.357469] (-) TimerEvent: {}
[30.457752] (-) TimerEvent: {}
[30.558052] (-) TimerEvent: {}
[30.658298] (-) TimerEvent: {}
[30.758581] (-) TimerEvent: {}
[30.858856] (-) TimerEvent: {}
[30.959142] (-) TimerEvent: {}
[31.059489] (-) TimerEvent: {}
[31.159776] (-) TimerEvent: {}
[31.260105] (-) TimerEvent: {}
[31.360454] (-) TimerEvent: {}
[31.460768] (-) TimerEvent: {}
[31.561079] (-) TimerEvent: {}
[31.661504] (-) TimerEvent: {}
[31.761904] (-) TimerEvent: {}
[31.862541] (-) TimerEvent: {}
[31.962829] (-) TimerEvent: {}
[32.063119] (-) TimerEvent: {}
[32.163455] (-) TimerEvent: {}
[32.263747] (-) TimerEvent: {}
[32.364023] (-) TimerEvent: {}
[32.464305] (-) TimerEvent: {}
[32.564594] (-) TimerEvent: {}
[32.664887] (-) TimerEvent: {}
[32.765229] (-) TimerEvent: {}
[32.865570] (-) TimerEvent: {}
[32.965882] (-) TimerEvent: {}
[33.066167] (-) TimerEvent: {}
[33.166480] (-) TimerEvent: {}
[33.266775] (-) TimerEvent: {}
[33.367102] (-) TimerEvent: {}
[33.467439] (-) TimerEvent: {}
[33.567759] (-) TimerEvent: {}
[33.668085] (-) TimerEvent: {}
[33.768387] (-) TimerEvent: {}
[33.868702] (-) TimerEvent: {}
[33.969005] (-) TimerEvent: {}
[34.069302] (-) TimerEvent: {}
[34.169642] (-) TimerEvent: {}
[34.269942] (-) TimerEvent: {}
[34.370264] (-) TimerEvent: {}
[34.470565] (-) TimerEvent: {}
[34.570933] (-) TimerEvent: {}
[34.671241] (-) TimerEvent: {}
[34.771563] (-) TimerEvent: {}
[34.871848] (-) TimerEvent: {}
[34.972141] (-) TimerEvent: {}
[35.072476] (-) TimerEvent: {}
[35.172787] (-) TimerEvent: {}
[35.273081] (-) TimerEvent: {}
[35.373392] (-) TimerEvent: {}
[35.473700] (-) TimerEvent: {}
[35.573993] (-) TimerEvent: {}
[35.674288] (-) TimerEvent: {}
[35.774567] (-) TimerEvent: {}
[35.874854] (-) TimerEvent: {}
[35.975144] (-) TimerEvent: {}
[36.075443] (-) TimerEvent: {}
[36.175727] (-) TimerEvent: {}
[36.276006] (-) TimerEvent: {}
[36.376292] (-) TimerEvent: {}
[36.476571] (-) TimerEvent: {}
[36.576850] (-) TimerEvent: {}
[36.677143] (-) TimerEvent: {}
[36.777442] (-) TimerEvent: {}
[36.877726] (-) TimerEvent: {}
[36.978005] (-) TimerEvent: {}
[37.078290] (-) TimerEvent: {}
[37.178570] (-) TimerEvent: {}
[37.278845] (-) TimerEvent: {}
[37.379136] (-) TimerEvent: {}
[37.479453] (-) TimerEvent: {}
[37.579735] (-) TimerEvent: {}
[37.680016] (-) TimerEvent: {}
[37.780302] (-) TimerEvent: {}
[37.880598] (-) TimerEvent: {}
[37.980868] (-) TimerEvent: {}
[38.081144] (-) TimerEvent: {}
[38.181432] (-) TimerEvent: {}
[38.281707] (-) TimerEvent: {}
[38.382000] (-) TimerEvent: {}
[38.482290] (-) TimerEvent: {}
[38.582608] (-) TimerEvent: {}
[38.682899] (-) TimerEvent: {}
[38.783189] (-) TimerEvent: {}
[38.883479] (-) TimerEvent: {}
[38.983782] (-) TimerEvent: {}
[39.084059] (-) TimerEvent: {}
[39.184352] (-) TimerEvent: {}
[39.284658] (-) TimerEvent: {}
[39.384932] (-) TimerEvent: {}
[39.485215] (-) TimerEvent: {}
[39.585530] (-) TimerEvent: {}
[39.685866] (-) TimerEvent: {}
[39.786168] (-) TimerEvent: {}
[39.886457] (-) TimerEvent: {}
[39.986733] (-) TimerEvent: {}
[40.087017] (-) TimerEvent: {}
[40.187330] (-) TimerEvent: {}
[40.287618] (-) TimerEvent: {}
[40.387913] (-) TimerEvent: {}
[40.488215] (-) TimerEvent: {}
[40.588609] (-) TimerEvent: {}
[40.688901] (-) TimerEvent: {}
[40.789190] (-) TimerEvent: {}
[40.889483] (-) TimerEvent: {}
[40.989777] (-) TimerEvent: {}
[41.090062] (-) TimerEvent: {}
[41.190356] (-) TimerEvent: {}
[41.290622] (-) TimerEvent: {}
[41.390904] (-) TimerEvent: {}
[41.491210] (-) TimerEvent: {}
[41.591524] (-) TimerEvent: {}
[41.691799] (-) TimerEvent: {}
[41.792089] (-) TimerEvent: {}
[41.892406] (-) TimerEvent: {}
[41.992704] (-) TimerEvent: {}
[42.092995] (-) TimerEvent: {}
[42.193306] (-) TimerEvent: {}
[42.293603] (-) TimerEvent: {}
[42.393927] (-) TimerEvent: {}
[42.494258] (-) TimerEvent: {}
[42.594570] (-) TimerEvent: {}
[42.694873] (-) TimerEvent: {}
[42.795158] (-) TimerEvent: {}
[42.895481] (-) TimerEvent: {}
[42.995772] (-) TimerEvent: {}
[43.096061] (-) TimerEvent: {}
[43.196365] (-) TimerEvent: {}
[43.296652] (-) TimerEvent: {}
[43.396934] (-) TimerEvent: {}
[43.497212] (-) TimerEvent: {}
[43.597528] (-) TimerEvent: {}
[43.697806] (-) TimerEvent: {}
[43.798091] (-) TimerEvent: {}
[43.898382] (-) TimerEvent: {}
[43.998682] (-) TimerEvent: {}
[44.098956] (-) TimerEvent: {}
[44.199253] (-) TimerEvent: {}
[44.299548] (-) TimerEvent: {}
[44.399833] (-) TimerEvent: {}
[44.500137] (-) TimerEvent: {}
[44.600440] (-) TimerEvent: {}
[44.700731] (-) TimerEvent: {}
[44.801046] (-) TimerEvent: {}
[44.901363] (-) TimerEvent: {}
[45.001649] (-) TimerEvent: {}
[45.101945] (-) TimerEvent: {}
[45.202253] (-) TimerEvent: {}
[45.302551] (-) TimerEvent: {}
[45.402828] (-) TimerEvent: {}
[45.503122] (-) TimerEvent: {}
[45.603454] (-) TimerEvent: {}
[45.703765] (-) TimerEvent: {}
[45.804060] (-) TimerEvent: {}
[45.904365] (-) TimerEvent: {}
[46.004660] (-) TimerEvent: {}
[46.104947] (-) TimerEvent: {}
[46.205245] (-) TimerEvent: {}
[46.305532] (-) TimerEvent: {}
[46.405838] (-) TimerEvent: {}
[46.506169] (-) TimerEvent: {}
[46.606519] (-) TimerEvent: {}
[46.706804] (-) TimerEvent: {}
[46.807078] (-) TimerEvent: {}
[46.907402] (-) TimerEvent: {}
[47.007699] (-) TimerEvent: {}
[47.107985] (-) TimerEvent: {}
[47.208301] (-) TimerEvent: {}
[47.308573] (-) TimerEvent: {}
[47.408857] (-) TimerEvent: {}
[47.509139] (-) TimerEvent: {}
[47.609441] (-) TimerEvent: {}
[47.709751] (-) TimerEvent: {}
[47.810035] (-) TimerEvent: {}
[47.910303] (-) TimerEvent: {}
[48.010627] (-) TimerEvent: {}
[48.110898] (-) TimerEvent: {}
[48.211182] (-) TimerEvent: {}
[48.311473] (-) TimerEvent: {}
[48.411754] (-) TimerEvent: {}
[48.512061] (-) TimerEvent: {}
[48.612492] (-) TimerEvent: {}
[48.712778] (-) TimerEvent: {}
[48.813080] (-) TimerEvent: {}
[48.913375] (-) TimerEvent: {}
[49.013658] (-) TimerEvent: {}
[49.113945] (-) TimerEvent: {}
[49.214246] (-) TimerEvent: {}
[49.314533] (-) TimerEvent: {}
[49.414823] (-) TimerEvent: {}
[49.515091] (-) TimerEvent: {}
[49.615370] (-) TimerEvent: {}
[49.715649] (-) TimerEvent: {}
[49.815959] (-) TimerEvent: {}
[49.916242] (-) TimerEvent: {}
[50.016537] (-) TimerEvent: {}
[50.116824] (-) TimerEvent: {}
[50.217126] (-) TimerEvent: {}
[50.317432] (-) TimerEvent: {}
[50.417759] (-) TimerEvent: {}
[50.518052] (-) TimerEvent: {}
[50.618356] (-) TimerEvent: {}
[50.718654] (-) TimerEvent: {}
[50.818931] (-) TimerEvent: {}
[50.919260] (-) TimerEvent: {}
[51.019601] (-) TimerEvent: {}
[51.119884] (-) TimerEvent: {}
[51.220193] (-) TimerEvent: {}
[51.320520] (-) TimerEvent: {}
[51.420810] (-) TimerEvent: {}
[51.521088] (-) TimerEvent: {}
[51.621376] (-) TimerEvent: {}
[51.721672] (-) TimerEvent: {}
[51.821979] (-) TimerEvent: {}
[51.922282] (-) TimerEvent: {}
[52.022563] (-) TimerEvent: {}
[52.122838] (-) TimerEvent: {}
[52.223147] (-) TimerEvent: {}
[52.323469] (-) TimerEvent: {}
[52.423744] (-) TimerEvent: {}
[52.524026] (-) TimerEvent: {}
[52.624329] (-) TimerEvent: {}
[52.724612] (-) TimerEvent: {}
[52.824882] (-) TimerEvent: {}
[52.925161] (-) TimerEvent: {}
[53.025469] (-) TimerEvent: {}
[53.125760] (-) TimerEvent: {}
[53.226046] (-) TimerEvent: {}
[53.326352] (-) TimerEvent: {}
[53.426659] (-) TimerEvent: {}
[53.526968] (-) TimerEvent: {}
[53.627263] (-) TimerEvent: {}
[53.727567] (-) TimerEvent: {}
[53.827865] (-) TimerEvent: {}
[53.928149] (-) TimerEvent: {}
[54.028451] (-) TimerEvent: {}
[54.128738] (-) TimerEvent: {}
[54.229025] (-) TimerEvent: {}
[54.329287] (-) TimerEvent: {}
[54.429577] (-) TimerEvent: {}
[54.529863] (-) TimerEvent: {}
[54.630155] (-) TimerEvent: {}
[54.730449] (-) TimerEvent: {}
[54.830735] (-) TimerEvent: {}
[54.931014] (-) TimerEvent: {}
[55.031287] (-) TimerEvent: {}
[55.131594] (-) TimerEvent: {}
[55.231908] (-) TimerEvent: {}
[55.332206] (-) TimerEvent: {}
[55.432503] (-) TimerEvent: {}
[55.532766] (-) TimerEvent: {}
[55.633048] (-) TimerEvent: {}
[55.733285] (-) TimerEvent: {}
[55.833550] (-) TimerEvent: {}
[55.933816] (-) TimerEvent: {}
[56.034081] (-) TimerEvent: {}
[56.134377] (-) TimerEvent: {}
[56.234719] (-) TimerEvent: {}
[56.335016] (-) TimerEvent: {}
[56.435374] (-) TimerEvent: {}
[56.535673] (-) TimerEvent: {}
[56.635975] (-) TimerEvent: {}
[56.736254] (-) TimerEvent: {}
[56.836561] (-) TimerEvent: {}
[56.936843] (-) TimerEvent: {}
[57.037128] (-) TimerEvent: {}
[57.137443] (-) TimerEvent: {}
[57.237760] (-) TimerEvent: {}
[57.338047] (-) TimerEvent: {}
[57.438342] (-) TimerEvent: {}
[57.538601] (-) TimerEvent: {}
[57.638883] (-) TimerEvent: {}
[57.739158] (-) TimerEvent: {}
[57.839445] (-) TimerEvent: {}
[57.939712] (-) TimerEvent: {}
[58.040003] (-) TimerEvent: {}
[58.140293] (-) TimerEvent: {}
[58.240597] (-) TimerEvent: {}
[58.340887] (-) TimerEvent: {}
[58.441189] (-) TimerEvent: {}
[58.541497] (-) TimerEvent: {}
[58.641798] (-) TimerEvent: {}
[58.742091] (-) TimerEvent: {}
[58.842402] (-) TimerEvent: {}
[58.942692] (-) TimerEvent: {}
[59.042980] (-) TimerEvent: {}
[59.143285] (-) TimerEvent: {}
[59.243580] (-) TimerEvent: {}
[59.343866] (-) TimerEvent: {}
[59.444137] (-) TimerEvent: {}
[59.544427] (-) TimerEvent: {}
[59.644711] (-) TimerEvent: {}
[59.744980] (-) TimerEvent: {}
[59.845269] (-) TimerEvent: {}
[59.945561] (-) TimerEvent: {}
[60.045846] (-) TimerEvent: {}
[60.146155] (-) TimerEvent: {}
[60.246520] (-) TimerEvent: {}
[60.346869] (-) TimerEvent: {}
[60.447253] (-) TimerEvent: {}
[60.547598] (-) TimerEvent: {}
[60.647916] (-) TimerEvent: {}
[60.748219] (-) TimerEvent: {}
[60.848548] (-) TimerEvent: {}
[60.948853] (-) TimerEvent: {}
[61.049148] (-) TimerEvent: {}
[61.149470] (-) TimerEvent: {}
[61.249781] (-) TimerEvent: {}
[61.350095] (-) TimerEvent: {}
[61.450464] (-) TimerEvent: {}
[61.509069] (robot_localization) StdoutLine: {'line': b'[ 74%] \x1b[32m\x1b[1mLinking CXX shared library librl_lib.so\x1b[0m\n'}
[61.550575] (-) TimerEvent: {}
[61.650996] (-) TimerEvent: {}
[61.751330] (-) TimerEvent: {}
[61.851649] (-) TimerEvent: {}
[61.951989] (-) TimerEvent: {}
[62.052290] (-) TimerEvent: {}
[62.152594] (-) TimerEvent: {}
[62.252900] (-) TimerEvent: {}
[62.353181] (-) TimerEvent: {}
[62.453474] (-) TimerEvent: {}
[62.553751] (-) TimerEvent: {}
[62.654026] (-) TimerEvent: {}
[62.688877] (robot_localization) StdoutLine: {'line': b'[ 74%] Built target rl_lib\n'}
[62.715269] (robot_localization) StdoutLine: {'line': b'\x1b[35m\x1b[1mScanning dependencies of target test_navsat_conversions\x1b[0m\n'}
[62.715482] (robot_localization) StdoutLine: {'line': b'\x1b[35m\x1b[1mScanning dependencies of target filter_base-test\x1b[0m\n'}
[62.715596] (robot_localization) StdoutLine: {'line': b'\x1b[35m\x1b[1mScanning dependencies of target ukf_node\x1b[0m\n'}
[62.715669] (robot_localization) StdoutLine: {'line': b'\x1b[35m\x1b[1mScanning dependencies of target test_ros_robot_localization_listener\x1b[0m\n'}
[62.715749] (robot_localization) StdoutLine: {'line': b'\x1b[35m\x1b[1mScanning dependencies of target test_navsat_transform\x1b[0m\n'}
[62.715831] (robot_localization) StdoutLine: {'line': b'\x1b[35m\x1b[1mScanning dependencies of target ekf_node\x1b[0m\n'}
[62.715923] (robot_localization) StdoutLine: {'line': b'\x1b[35m\x1b[1mScanning dependencies of target test_ros_robot_localization_listener_publisher\x1b[0m\n'}
[62.715997] (robot_localization) StdoutLine: {'line': b'\x1b[35m\x1b[1mScanning dependencies of target test_ekf\x1b[0m\n'}
[62.716085] (robot_localization) StdoutLine: {'line': b'\x1b[35m\x1b[1mScanning dependencies of target navsat_transform_node\x1b[0m\n'}
[62.716150] (robot_localization) StdoutLine: {'line': b'\x1b[35m\x1b[1mScanning dependencies of target test_ukf\x1b[0m\n'}
[62.717748] (robot_localization) StdoutLine: {'line': b'\x1b[35m\x1b[1mScanning dependencies of target test_robot_localization_estimator\x1b[0m\n'}
[62.717873] (robot_localization) StdoutLine: {'line': b'\x1b[35m\x1b[1mScanning dependencies of target robot_localization_listener_node\x1b[0m\n'}
[62.746942] (robot_localization) StdoutLine: {'line': b'[ 74%] \x1b[32mBuilding CXX object CMakeFiles/test_navsat_conversions.dir/test/test_navsat_conversions.cpp.o\x1b[0m\n'}
[62.754123] (-) TimerEvent: {}
[62.824912] (robot_localization) StdoutLine: {'line': b'[ 75%] \x1b[32mBuilding CXX object CMakeFiles/test_navsat_transform.dir/test/test_navsat_transform.cpp.o\x1b[0m\n'}
[62.831417] (robot_localization) StdoutLine: {'line': b'[ 75%] \x1b[32mBuilding CXX object CMakeFiles/test_ros_robot_localization_listener_publisher.dir/test/test_ros_robot_localization_listener_publisher.cpp.o\x1b[0m\n'}
[62.835296] (robot_localization) StdoutLine: {'line': b'[ 77%] \x1b[32mBuilding CXX object CMakeFiles/test_robot_localization_estimator.dir/test/test_robot_localization_estimator.cpp.o\x1b[0m\n'}
[62.835518] (robot_localization) StdoutLine: {'line': b'[ 77%] \x1b[32mBuilding CXX object CMakeFiles/filter_base-test.dir/test/test_filter_base.cpp.o\x1b[0m\n'}
[62.844382] (robot_localization) StdoutLine: {'line': b'[ 78%] \x1b[32mBuilding CXX object CMakeFiles/test_ros_robot_localization_listener.dir/test/test_ros_robot_localization_listener.cpp.o\x1b[0m\n'}
[62.854338] (-) TimerEvent: {}
[62.858332] (robot_localization) StdoutLine: {'line': b'[ 79%] \x1b[32mBuilding CXX object CMakeFiles/navsat_transform_node.dir/src/navsat_transform_node.cpp.o\x1b[0m\n'}
[62.865757] (robot_localization) StdoutLine: {'line': b'[ 81%] \x1b[32mBuilding CXX object CMakeFiles/ukf_node.dir/src/ukf_node.cpp.o\x1b[0m\n'}
[62.866858] (robot_localization) StdoutLine: {'line': b'[ 81%] \x1b[32mBuilding CXX object CMakeFiles/test_ukf.dir/test/test_ukf.cpp.o\x1b[0m\n'}
[62.867566] (robot_localization) StdoutLine: {'line': b'[ 82%] \x1b[32mBuilding CXX object CMakeFiles/test_ekf.dir/test/test_ekf.cpp.o\x1b[0m\n'}
[62.873771] (robot_localization) StdoutLine: {'line': b'[ 83%] \x1b[32mBuilding CXX object CMakeFiles/robot_localization_listener_node.dir/src/robot_localization_listener_node.cpp.o\x1b[0m\n'}
[62.875877] (robot_localization) StdoutLine: {'line': b'[ 83%] \x1b[32mBuilding CXX object CMakeFiles/ekf_node.dir/src/ekf_node.cpp.o\x1b[0m\n'}
[62.955457] (-) TimerEvent: {}
[63.056204] (-) TimerEvent: {}
[63.157372] (-) TimerEvent: {}
[63.258605] (-) TimerEvent: {}
[63.359445] (-) TimerEvent: {}
[63.460576] (-) TimerEvent: {}
[63.560998] (-) TimerEvent: {}
[63.662316] (-) TimerEvent: {}
[63.762747] (-) TimerEvent: {}
[63.863330] (-) TimerEvent: {}
[63.964499] (-) TimerEvent: {}
[64.066443] (-) TimerEvent: {}
[64.166892] (-) TimerEvent: {}
[64.268193] (-) TimerEvent: {}
[64.370745] (-) TimerEvent: {}
[64.403449] (robot_localization) StdoutLine: {'line': b'[ 84%] \x1b[32m\x1b[1mLinking CXX executable test_navsat_conversions\x1b[0m\n'}
[64.470899] (-) TimerEvent: {}
[64.571614] (-) TimerEvent: {}
[64.674159] (-) TimerEvent: {}
[64.774854] (-) TimerEvent: {}
[64.877328] (-) TimerEvent: {}
[64.932898] (robot_localization) StdoutLine: {'line': b'[ 84%] Built target test_navsat_conversions\n'}
[64.977474] (-) TimerEvent: {}
[65.078330] (-) TimerEvent: {}
[65.181324] (-) TimerEvent: {}
[65.281809] (-) TimerEvent: {}
[65.383324] (-) TimerEvent: {}
[65.483761] (-) TimerEvent: {}
[65.584378] (-) TimerEvent: {}
[65.685293] (-) TimerEvent: {}
[65.786310] (-) TimerEvent: {}
[65.886959] (-) TimerEvent: {}
[65.989366] (-) TimerEvent: {}
[66.090320] (-) TimerEvent: {}
[66.191187] (-) TimerEvent: {}
[66.292094] (-) TimerEvent: {}
[66.393733] (-) TimerEvent: {}
[66.494380] (-) TimerEvent: {}
[66.596621] (-) TimerEvent: {}
[66.697243] (-) TimerEvent: {}
[66.797964] (-) TimerEvent: {}
[66.898621] (-) TimerEvent: {}
[67.000305] (-) TimerEvent: {}
[67.032576] (robot_localization) StdoutLine: {'line': b'[ 85%] \x1b[32m\x1b[1mLinking CXX executable filter_base-test\x1b[0m\n'}
[67.103321] (-) TimerEvent: {}
[67.203778] (-) TimerEvent: {}
[67.304317] (-) TimerEvent: {}
[67.404773] (-) TimerEvent: {}
[67.506534] (-) TimerEvent: {}
[67.545104] (robot_localization) StdoutLine: {'line': b'[ 85%] Built target filter_base-test\n'}
[67.606665] (-) TimerEvent: {}
[67.707722] (-) TimerEvent: {}
[67.808336] (-) TimerEvent: {}
[67.909530] (-) TimerEvent: {}
[68.010314] (-) TimerEvent: {}
[68.019309] (robot_localization) StdoutLine: {'line': b'[ 86%] \x1b[32m\x1b[1mLinking CXX executable navsat_transform_node\x1b[0m\n'}
[68.110459] (-) TimerEvent: {}
[68.211137] (-) TimerEvent: {}
[68.312309] (-) TimerEvent: {}
[68.413536] (-) TimerEvent: {}
[68.442163] (robot_localization) StdoutLine: {'line': b'[ 86%] Built target navsat_transform_node\n'}
[68.514314] (-) TimerEvent: {}
[68.614944] (-) TimerEvent: {}
[68.715703] (-) TimerEvent: {}
[68.816365] (-) TimerEvent: {}
[68.916748] (-) TimerEvent: {}
[69.018302] (-) TimerEvent: {}
[69.119038] (-) TimerEvent: {}
[69.219689] (-) TimerEvent: {}
[69.321312] (-) TimerEvent: {}
[69.422643] (-) TimerEvent: {}
[69.523310] (-) TimerEvent: {}
[69.537513] (robot_localization) StdoutLine: {'line': b'[ 87%] \x1b[32m\x1b[1mLinking CXX executable test_navsat_transform\x1b[0m\n'}
[69.623436] (-) TimerEvent: {}
[69.724162] (-) TimerEvent: {}
[69.824868] (-) TimerEvent: {}
[69.928649] (-) TimerEvent: {}
[69.931068] (robot_localization) StdoutLine: {'line': b'[ 88%] \x1b[32m\x1b[1mLinking CXX executable test_robot_localization_estimator\x1b[0m\n'}
[69.966044] (robot_localization) StdoutLine: {'line': b'[ 88%] Built target test_navsat_transform\n'}
[70.028770] (-) TimerEvent: {}
[70.129304] (-) TimerEvent: {}
[70.229755] (-) TimerEvent: {}
[70.288871] (robot_localization) StdoutLine: {'line': b'[ 88%] Built target test_robot_localization_estimator\n'}
[70.301148] (robot_localization) StdoutLine: {'line': b'[ 89%] \x1b[32m\x1b[1mLinking CXX executable ukf_node\x1b[0m\n'}
[70.329879] (-) TimerEvent: {}
[70.406712] (robot_localization) StdoutLine: {'line': b'[ 90%] \x1b[32m\x1b[1mLinking CXX executable ekf_node\x1b[0m\n'}
[70.430018] (-) TimerEvent: {}
[70.530438] (-) TimerEvent: {}
[70.630865] (-) TimerEvent: {}
[70.636461] (robot_localization) StdoutLine: {'line': b'[ 90%] Built target ukf_node\n'}
[70.654668] (robot_localization) StdoutLine: {'line': b'[ 90%] Built target ekf_node\n'}
[70.656041] (robot_localization) StdoutLine: {'line': b'\x1b[35m\x1b[1mScanning dependencies of target test_ukf_localization_node_interfaces\x1b[0m\n'}
[70.671270] (robot_localization) StdoutLine: {'line': b'\x1b[35m\x1b[1mScanning dependencies of target test_filter_base_diagnostics_timestamps\x1b[0m\n'}
[70.673299] (robot_localization) StdoutLine: {'line': b'\x1b[35m\x1b[1mScanning dependencies of target test_ekf_localization_node_interfaces\x1b[0m\n'}
[70.721546] (robot_localization) StdoutLine: {'line': b'[ 91%] \x1b[32mBuilding CXX object CMakeFiles/test_ukf_localization_node_interfaces.dir/test/test_ukf_localization_node_interfaces.cpp.o\x1b[0m\n'}
[70.730986] (-) TimerEvent: {}
[70.760558] (robot_localization) StdoutLine: {'line': b'[ 92%] \x1b[32mBuilding CXX object CMakeFiles/test_ekf_localization_node_interfaces.dir/test/test_ekf_localization_node_interfaces.cpp.o\x1b[0m\n'}
[70.766395] (robot_localization) StdoutLine: {'line': b'[ 93%] \x1b[32mBuilding CXX object CMakeFiles/test_filter_base_diagnostics_timestamps.dir/test/test_filter_base_diagnostics_timestamps.cpp.o\x1b[0m\n'}
[70.831123] (-) TimerEvent: {}
[70.840301] (robot_localization) StdoutLine: {'line': b'[ 93%] \x1b[32m\x1b[1mLinking CXX executable robot_localization_listener_node\x1b[0m\n'}
[70.931265] (-) TimerEvent: {}
[70.932634] (robot_localization) StdoutLine: {'line': b'[ 94%] \x1b[32m\x1b[1mLinking CXX executable test_ros_robot_localization_listener\x1b[0m\n'}
[71.031625] (-) TimerEvent: {}
[71.137210] (-) TimerEvent: {}
[71.202005] (robot_localization) StdoutLine: {'line': b'[ 94%] Built target robot_localization_listener_node\n'}
[71.237338] (-) TimerEvent: {}
[71.337863] (-) TimerEvent: {}
[71.357197] (robot_localization) StdoutLine: {'line': b'[ 94%] Built target test_ros_robot_localization_listener\n'}
[71.437992] (-) TimerEvent: {}
[71.538396] (-) TimerEvent: {}
[71.638804] (-) TimerEvent: {}
[71.739163] (-) TimerEvent: {}
[71.839656] (-) TimerEvent: {}
[71.924926] (robot_localization) StdoutLine: {'line': b'[ 95%] \x1b[32m\x1b[1mLinking CXX executable test_ekf\x1b[0m\n'}
[71.939789] (-) TimerEvent: {}
[72.040172] (-) TimerEvent: {}
[72.140544] (-) TimerEvent: {}
[72.240896] (-) TimerEvent: {}
[72.295546] (robot_localization) StdoutLine: {'line': b'[ 96%] \x1b[32m\x1b[1mLinking CXX executable test_ukf\x1b[0m\n'}
[72.306546] (robot_localization) StdoutLine: {'line': b'[ 96%] Built target test_ekf\n'}
[72.341024] (-) TimerEvent: {}
[72.441449] (-) TimerEvent: {}
[72.541895] (-) TimerEvent: {}
[72.548471] (robot_localization) StdoutLine: {'line': b'[ 97%] \x1b[32m\x1b[1mLinking CXX executable test_ros_robot_localization_listener_publisher\x1b[0m\n'}
[72.624809] (robot_localization) StdoutLine: {'line': b'[ 97%] Built target test_ukf\n'}
[72.642015] (-) TimerEvent: {}
[72.742358] (-) TimerEvent: {}
[72.755630] (robot_localization) StdoutLine: {'line': b'[ 97%] Built target test_ros_robot_localization_listener_publisher\n'}
[72.842472] (-) TimerEvent: {}
[72.942816] (-) TimerEvent: {}
[73.043125] (-) TimerEvent: {}
[73.143441] (-) TimerEvent: {}
[73.243774] (-) TimerEvent: {}
[73.344069] (-) TimerEvent: {}
[73.444396] (-) TimerEvent: {}
[73.544713] (-) TimerEvent: {}
[73.645063] (-) TimerEvent: {}
[73.745404] (-) TimerEvent: {}
[73.845729] (-) TimerEvent: {}
[73.946055] (-) TimerEvent: {}
[74.046393] (-) TimerEvent: {}
[74.146707] (-) TimerEvent: {}
[74.247012] (-) TimerEvent: {}
[74.347297] (-) TimerEvent: {}
[74.447618] (-) TimerEvent: {}
[74.547942] (-) TimerEvent: {}
[74.648304] (-) TimerEvent: {}
[74.748654] (-) TimerEvent: {}
[74.848999] (-) TimerEvent: {}
[74.949353] (-) TimerEvent: {}
[75.049661] (-) TimerEvent: {}
[75.149964] (-) TimerEvent: {}
[75.250282] (-) TimerEvent: {}
[75.350613] (-) TimerEvent: {}
[75.450945] (-) TimerEvent: {}
[75.551308] (-) TimerEvent: {}
[75.651670] (-) TimerEvent: {}
[75.752018] (-) TimerEvent: {}
[75.852292] (-) TimerEvent: {}
[75.952599] (-) TimerEvent: {}
[76.052902] (-) TimerEvent: {}
[76.153185] (-) TimerEvent: {}
[76.253476] (-) TimerEvent: {}
[76.353765] (-) TimerEvent: {}
[76.454065] (-) TimerEvent: {}
[76.554387] (-) TimerEvent: {}
[76.654706] (-) TimerEvent: {}
[76.755014] (-) TimerEvent: {}
[76.855322] (-) TimerEvent: {}
[76.955725] (-) TimerEvent: {}
[77.056805] (-) TimerEvent: {}
[77.157117] (-) TimerEvent: {}
[77.257471] (-) TimerEvent: {}
[77.357853] (-) TimerEvent: {}
[77.458278] (-) TimerEvent: {}
[77.558582] (-) TimerEvent: {}
[77.658891] (-) TimerEvent: {}
[77.759192] (-) TimerEvent: {}
[77.859513] (-) TimerEvent: {}
[77.959792] (-) TimerEvent: {}
[78.060073] (-) TimerEvent: {}
[78.160355] (-) TimerEvent: {}
[78.260617] (-) TimerEvent: {}
[78.360885] (-) TimerEvent: {}
[78.461159] (-) TimerEvent: {}
[78.561455] (-) TimerEvent: {}
[78.661742] (-) TimerEvent: {}
[78.762081] (-) TimerEvent: {}
[78.862371] (-) TimerEvent: {}
[78.962655] (-) TimerEvent: {}
[79.062966] (-) TimerEvent: {}
[79.163296] (-) TimerEvent: {}
[79.263569] (-) TimerEvent: {}
[79.363854] (-) TimerEvent: {}
[79.464133] (-) TimerEvent: {}
[79.564417] (-) TimerEvent: {}
[79.664712] (-) TimerEvent: {}
[79.764998] (-) TimerEvent: {}
[79.865307] (-) TimerEvent: {}
[79.965737] (-) TimerEvent: {}
[80.066121] (-) TimerEvent: {}
[80.166466] (-) TimerEvent: {}
[80.266786] (-) TimerEvent: {}
[80.367113] (-) TimerEvent: {}
[80.467478] (-) TimerEvent: {}
[80.567815] (-) TimerEvent: {}
[80.668105] (-) TimerEvent: {}
[80.768407] (-) TimerEvent: {}
[80.868693] (-) TimerEvent: {}
[80.968982] (-) TimerEvent: {}
[81.069278] (-) TimerEvent: {}
[81.169570] (-) TimerEvent: {}
[81.269877] (-) TimerEvent: {}
[81.370160] (-) TimerEvent: {}
[81.470481] (-) TimerEvent: {}
[81.570796] (-) TimerEvent: {}
[81.671104] (-) TimerEvent: {}
[81.771500] (-) TimerEvent: {}
[81.871814] (-) TimerEvent: {}
[81.972123] (-) TimerEvent: {}
[82.072437] (-) TimerEvent: {}
[82.172746] (-) TimerEvent: {}
[82.273076] (-) TimerEvent: {}
[82.373445] (-) TimerEvent: {}
[82.473753] (-) TimerEvent: {}
[82.574075] (-) TimerEvent: {}
[82.674411] (-) TimerEvent: {}
[82.774730] (-) TimerEvent: {}
[82.875062] (-) TimerEvent: {}
[82.975399] (-) TimerEvent: {}
[83.075703] (-) TimerEvent: {}
[83.176043] (-) TimerEvent: {}
[83.276395] (-) TimerEvent: {}
[83.376696] (-) TimerEvent: {}
[83.476996] (-) TimerEvent: {}
[83.577296] (-) TimerEvent: {}
[83.677611] (-) TimerEvent: {}
[83.777957] (-) TimerEvent: {}
[83.878298] (-) TimerEvent: {}
[83.978641] (-) TimerEvent: {}
[84.078968] (-) TimerEvent: {}
[84.179270] (-) TimerEvent: {}
[84.279566] (-) TimerEvent: {}
[84.379894] (-) TimerEvent: {}
[84.480236] (-) TimerEvent: {}
[84.580542] (-) TimerEvent: {}
[84.680869] (-) TimerEvent: {}
[84.781180] (-) TimerEvent: {}
[84.881488] (-) TimerEvent: {}
[84.981789] (-) TimerEvent: {}
[85.082103] (-) TimerEvent: {}
[85.182443] (-) TimerEvent: {}
[85.282755] (-) TimerEvent: {}
[85.383074] (-) TimerEvent: {}
[85.483432] (-) TimerEvent: {}
[85.583807] (-) TimerEvent: {}
[85.684154] (-) TimerEvent: {}
[85.784493] (-) TimerEvent: {}
[85.884778] (-) TimerEvent: {}
[85.889943] (robot_localization) StdoutLine: {'line': b'[ 98%] \x1b[32m\x1b[1mLinking CXX executable test_filter_base_diagnostics_timestamps\x1b[0m\n'}
[85.984890] (-) TimerEvent: {}
[86.085185] (-) TimerEvent: {}
[86.185504] (-) TimerEvent: {}
[86.225871] (robot_localization) StdoutLine: {'line': b'[ 98%] Built target test_filter_base_diagnostics_timestamps\n'}
[86.285621] (-) TimerEvent: {}
[86.385938] (-) TimerEvent: {}
[86.486281] (-) TimerEvent: {}
[86.586596] (-) TimerEvent: {}
[86.686889] (-) TimerEvent: {}
[86.787180] (-) TimerEvent: {}
[86.887474] (-) TimerEvent: {}
[86.987757] (-) TimerEvent: {}
[87.088033] (-) TimerEvent: {}
[87.188294] (-) TimerEvent: {}
[87.288586] (-) TimerEvent: {}
[87.388886] (-) TimerEvent: {}
[87.489188] (-) TimerEvent: {}
[87.589518] (-) TimerEvent: {}
[87.689911] (-) TimerEvent: {}
[87.790275] (-) TimerEvent: {}
[87.890612] (-) TimerEvent: {}
[87.990946] (-) TimerEvent: {}
[88.081638] (robot_localization) StdoutLine: {'line': b'[ 99%] \x1b[32m\x1b[1mLinking CXX executable test_ekf_localization_node_interfaces\x1b[0m\n'}
[88.091060] (-) TimerEvent: {}
[88.112952] (robot_localization) StdoutLine: {'line': b'[100%] \x1b[32m\x1b[1mLinking CXX executable test_ukf_localization_node_interfaces\x1b[0m\n'}
[88.191184] (-) TimerEvent: {}
[88.291487] (-) TimerEvent: {}
[88.391808] (-) TimerEvent: {}
[88.425445] (robot_localization) StdoutLine: {'line': b'[100%] Built target test_ekf_localization_node_interfaces\n'}
[88.464585] (robot_localization) StdoutLine: {'line': b'[100%] Built target test_ukf_localization_node_interfaces\n'}
[88.491918] (-) TimerEvent: {}
[88.506879] (robot_localization) CommandEnded: {'returncode': 0}
[88.592055] (-) TimerEvent: {}
[88.692426] (-) TimerEvent: {}
[88.792690] (-) TimerEvent: {}
[88.802858] (robot_localization) JobProgress: {'identifier': 'robot_localization', 'progress': 'install'}
[88.830496] (robot_localization) Command: {'cmd': ['/usr/bin/cmake', '--install', '/robofuzz/robot_localization_ws/build/robot_localization'], 'cwd': '/robofuzz/robot_localization_ws/build/robot_localization', 'env': OrderedDict([('HOSTNAME', 'bfa0683d9008'), ('SHLVL', '2'), ('LD_LIBRARY_PATH', '/robofuzz/targets/moveit2_ws/install/moveit_visual_tools/lib:/robofuzz/targets/moveit2_ws/install/rviz_visual_tools/lib:/robofuzz/targets/turtlebot3_ws/install/turtlebot3_msgs/lib:/robofuzz/targets/turtlebot3_ws/install/dynamixel_sdk_custom_interfaces/lib:/robofuzz/targets/turtlebot3_ws/install/dynamixel_sdk/lib:/robofuzz/targets/idltest_ws/install/idltest_msgs/lib:/robofuzz/targets/px4_ros_com_ros2/install/px4_ros_com/lib:/robofuzz/targets/px4_ros_com_ros2/install/px4_msgs/lib:/usr/lib/x86_64-linux-gnu/gazebo-11/plugins:/opt/ros/foxy/opt/yaml_cpp_vendor/lib:/opt/ros/foxy/opt/rviz_ogre_vendor/lib:/opt/ros/foxy/lib/x86_64-linux-gnu:/opt/ros/foxy/lib'), ('HOME', '/root'), ('OLDPWD', '/robofuzz/src/targets'), ('ROS_PYTHON_VERSION', '3'), ('COLCON_PREFIX_PATH', '/robofuzz/targets/moveit2_ws/install:/robofuzz/targets/turtlebot3_ws/install:/robofuzz/targets/idltest_ws/install:/robofuzz/targets/px4_ros_com_ros2/install'), ('ROS_DISTRO', 'foxy'), ('_', '/usr/bin/colcon'), ('ROS_VERSION', '2'), ('ROBOFUZZ_TARGETS_DIR', '/robofuzz/target_configs'), ('TERM', 'xterm'), ('QT_API', 'pyqt'), ('ROS_LOCALHOST_ONLY', '0'), ('PATH', '/opt/gcc-arm-none-eabi-9-2020-q2-update/bin:/robofuzz/targets/px4_ros_com_ros2/install/px4_ros_com/bin:/opt/ros/foxy/bin:/usr/local/sbin:/usr/local/bin:/usr/sbin:/usr/bin:/sbin:/bin'), ('DISPLAY', ':0'), ('LANG', 'C.UTF-8'), ('LS_COLORS', 'rs=0:di=01;34:ln=01;36:mh=00:pi=40;33:so=01;35:do=01;35:bd=40;33;01:cd=40;33;01:or=40;31;01:mi=00:su=37;41:sg=30;43:ca=30;41:tw=30;42:ow=34;42:st=37;44:ex=01;32:*.tar=01;31:*.tgz=01;31:*.arc=01;31:*.arj=01;31:*.taz=01;31:*.lha=01;31:*.lz4=01;31:*.lzh=01;31:*.lzma=01;31:*.tlz=01;31:*.txz=01;31:*.tzo=01;31:*.t7z=01;31:*.zip=01;31:*.z=01;31:*.dz=01;31:*.gz=01;31:*.lrz=01;31:*.lz=01;31:*.lzo=01;31:*.xz=01;31:*.zst=01;31:*.tzst=01;31:*.bz2=01;31:*.bz=01;31:*.tbz=01;31:*.tbz2=01;31:*.tz=01;31:*.deb=01;31:*.rpm=01;31:*.jar=01;31:*.war=01;31:*.ear=01;31:*.sar=01;31:*.rar=01;31:*.alz=01;31:*.ace=01;31:*.zoo=01;31:*.cpio=01;31:*.7z=01;31:*.rz=01;31:*.cab=01;31:*.wim=01;31:*.swm=01;31:*.dwm=01;31:*.esd=01;31:*.jpg=01;35:*.jpeg=01;35:*.mjpg=01;35:*.mjpeg=01;35:*.gif=01;35:*.bmp=01;35:*.pbm=01;35:*.pgm=01;35:*.ppm=01;35:*.tga=01;35:*.xbm=01;35:*.xpm=01;35:*.tif=01;35:*.tiff=01;35:*.png=01;35:*.svg=01;35:*.svgz=01;35:*.mng=01;35:*.pcx=01;35:*.mov=01;35:*.mpg=01;35:*.mpeg=01;35:*.m2v=01;35:*.mkv=01;35:*.webm=01;35:*.ogm=01;35:*.mp4=01;35:*.m4v=01;35:*.mp4v=01;35:*.vob=01;35:*.qt=01;35:*.nuv=01;35:*.wmv=01;35:*.asf=01;35:*.rm=01;35:*.rmvb=01;35:*.flc=01;35:*.avi=01;35:*.fli=01;35:*.flv=01;35:*.gl=01;35:*.dl=01;35:*.xcf=01;35:*.xwd=01;35:*.yuv=01;35:*.cgm=01;35:*.emf=01;35:*.ogv=01;35:*.ogx=01;35:*.aac=00;36:*.au=00;36:*.flac=00;36:*.m4a=00;36:*.mid=00;36:*.midi=00;36:*.mka=00;36:*.mp3=00;36:*.mpc=00;36:*.ogg=00;36:*.ra=00;36:*.wav=00;36:*.oga=00;36:*.opus=00;36:*.spx=00;36:*.xspf=00;36:'), ('AMENT_PREFIX_PATH', '/robofuzz/targets/moveit2_ws/install/moveit2_tutorials:/robofuzz/targets/moveit2_ws/install/moveit_visual_tools:/robofuzz/targets/moveit2_ws/install/rviz_visual_tools:/robofuzz/targets/turtlebot3_ws/install/turtlebot3:/robofuzz/targets/turtlebot3_ws/install/turtlebot3_teleop:/robofuzz/targets/turtlebot3_ws/install/turtlebot3_simulations:/robofuzz/targets/turtlebot3_ws/install/turtlebot3_bringup:/robofuzz/targets/turtlebot3_ws/install/turtlebot3_node:/robofuzz/targets/turtlebot3_ws/install/turtlebot3_navigation2:/robofuzz/targets/turtlebot3_ws/install/turtlebot3_fake_node:/robofuzz/targets/turtlebot3_ws/install/turtlebot3_example:/robofuzz/targets/turtlebot3_ws/install/turtlebot3_msgs:/robofuzz/targets/turtlebot3_ws/install/turtlebot3_gazebo:/robofuzz/targets/turtlebot3_ws/install/turtlebot3_description:/robofuzz/targets/turtlebot3_ws/install/turtlebot3_cartographer:/robofuzz/targets/turtlebot3_ws/install/hls_lfcd_lds_driver:/robofuzz/targets/turtlebot3_ws/install/dynamixel_sdk_examples:/robofuzz/targets/turtlebot3_ws/install/dynamixel_sdk_custom_interfaces:/robofuzz/targets/turtlebot3_ws/install/dynamixel_sdk:/robofuzz/targets/idltest_ws/install/idltest_target:/robofuzz/targets/idltest_ws/install/idltest_msgs:/robofuzz/targets/px4_ros_com_ros2/install/px4_ros_com:/robofuzz/targets/px4_ros_com_ros2/install/px4_msgs:/opt/ros/foxy'), ('PWD', '/robofuzz/robot_localization_ws/build/robot_localization'), ('LC_ALL', 'C.UTF-8'), ('PYTHONPATH', '/robofuzz/targets/turtlebot3_ws/build/turtlebot3_teleop:/robofuzz/targets/turtlebot3_ws/install/turtlebot3_teleop/lib/python3.8/site-packages:/robofuzz/targets/turtlebot3_ws/build/turtlebot3_example:/robofuzz/targets/turtlebot3_ws/install/turtlebot3_example/lib/python3.8/site-packages:/robofuzz/targets/turtlebot3_ws/install/turtlebot3_msgs/lib/python3.8/site-packages:/robofuzz/targets/turtlebot3_ws/install/dynamixel_sdk_custom_interfaces/lib/python3.8/site-packages:/robofuzz/targets/idltest_ws/install/idltest_msgs/lib/python3.8/site-packages:/robofuzz/targets/px4_ros_com_ros2/install/px4_msgs/lib/python3.8/site-packages:/opt/ros/foxy/lib/python3.8/site-packages'), ('COLCON', '1'), ('CMAKE_PREFIX_PATH', '/robofuzz/targets/moveit2_ws/install/moveit2_tutorials:/robofuzz/targets/moveit2_ws/install/moveit_visual_tools:/robofuzz/targets/moveit2_ws/install/rviz_visual_tools:/robofuzz/targets/turtlebot3_ws/install/turtlebot3:/robofuzz/targets/turtlebot3_ws/install/turtlebot3_simulations:/robofuzz/targets/turtlebot3_ws/install/turtlebot3_bringup:/robofuzz/targets/turtlebot3_ws/install/turtlebot3_node:/robofuzz/targets/turtlebot3_ws/install/turtlebot3_navigation2:/robofuzz/targets/turtlebot3_ws/install/turtlebot3_fake_node:/robofuzz/targets/turtlebot3_ws/install/turtlebot3_msgs:/robofuzz/targets/turtlebot3_ws/install/turtlebot3_gazebo:/robofuzz/targets/turtlebot3_ws/install/turtlebot3_description:/robofuzz/targets/turtlebot3_ws/install/turtlebot3_cartographer:/robofuzz/targets/turtlebot3_ws/install/hls_lfcd_lds_driver:/robofuzz/targets/turtlebot3_ws/install/dynamixel_sdk_examples:/robofuzz/targets/turtlebot3_ws/install/dynamixel_sdk_custom_interfaces:/robofuzz/targets/turtlebot3_ws/install/dynamixel_sdk:/robofuzz/targets/idltest_ws/install/idltest_target:/robofuzz/targets/idltest_ws/install/idltest_msgs:/robofuzz/targets/px4_ros_com_ros2/install/px4_ros_com:/robofuzz/targets/px4_ros_com_ros2/install/px4_msgs:/robofuzz/targets/turtlebot3_ws/install/turtlebot3_teleop:/robofuzz/targets/turtlebot3_ws/install/turtlebot3_example:/opt/ros/foxy')]), 'shell': False}
[88.842291] (robot_localization) StdoutLine: {'line': b'-- Install configuration: "RelWithDebInfo"\n'}
[88.842787] (robot_localization) StdoutLine: {'line': b'-- Installing: /robofuzz/robot_localization_ws/install/share/ament_index/resource_index/rosidl_interfaces/robot_localization\n'}
[88.843045] (robot_localization) StdoutLine: {'line': b'-- Installing: /robofuzz/robot_localization_ws/install/include/robot_localization\n'}
[88.843193] (robot_localization) StdoutLine: {'line': b'-- Installing: /robofuzz/robot_localization_ws/install/include/robot_localization/msg\n'}
[88.843323] (robot_localization) StdoutLine: {'line': b'-- Installing: /robofuzz/robot_localization_ws/install/include/robot_localization/msg/rosidl_generator_c__visibility_control.h\n'}
[88.843496] (robot_localization) StdoutLine: {'line': b'-- Installing: /robofuzz/robot_localization_ws/install/include/robot_localization/srv\n'}
[88.843590] (robot_localization) StdoutLine: {'line': b'-- Installing: /robofuzz/robot_localization_ws/install/include/robot_localization/srv/get_state.h\n'}
[88.843790] (robot_localization) StdoutLine: {'line': b'-- Installing: /robofuzz/robot_localization_ws/install/include/robot_localization/srv/set_pose.h\n'}
[88.844023] (robot_localization) StdoutLine: {'line': b'-- Installing: /robofuzz/robot_localization_ws/install/include/robot_localization/srv/set_datum.h\n'}
[88.844258] (robot_localization) StdoutLine: {'line': b'-- Installing: /robofuzz/robot_localization_ws/install/include/robot_localization/srv/detail\n'}
[88.844379] (robot_localization) StdoutLine: {'line': b'-- Installing: /robofuzz/robot_localization_ws/install/include/robot_localization/srv/detail/set_datum__type_support.h\n'}
[88.844571] (robot_localization) StdoutLine: {'line': b'-- Installing: /robofuzz/robot_localization_ws/install/include/robot_localization/srv/detail/set_datum__functions.h\n'}
[88.844800] (robot_localization) StdoutLine: {'line': b'-- Installing: /robofuzz/robot_localization_ws/install/include/robot_localization/srv/detail/set_pose__functions.c\n'}
[88.844990] (robot_localization) StdoutLine: {'line': b'-- Installing: /robofuzz/robot_localization_ws/install/include/robot_localization/srv/detail/from_ll__struct.h\n'}
[88.845180] (robot_localization) StdoutLine: {'line': b'-- Installing: /robofuzz/robot_localization_ws/install/include/robot_localization/srv/detail/toggle_filter_processing__functions.c\n'}
[88.845412] (robot_localization) StdoutLine: {'line': b'-- Installing: /robofuzz/robot_localization_ws/install/include/robot_localization/srv/detail/to_ll__type_support.h\n'}
[88.845628] (robot_localization) StdoutLine: {'line': b'-- Installing: /robofuzz/robot_localization_ws/install/include/robot_localization/srv/detail/toggle_filter_processing__struct.h\n'}
[88.845872] (robot_localization) StdoutLine: {'line': b'-- Installing: /robofuzz/robot_localization_ws/install/include/robot_localization/srv/detail/get_state__functions.c\n'}
[88.846108] (robot_localization) StdoutLine: {'line': b'-- Installing: /robofuzz/robot_localization_ws/install/include/robot_localization/srv/detail/toggle_filter_processing__functions.h\n'}
[88.846339] (robot_localization) StdoutLine: {'line': b'-- Installing: /robofuzz/robot_localization_ws/install/include/robot_localization/srv/detail/get_state__type_support.h\n'}
[88.846532] (robot_localization) StdoutLine: {'line': b'-- Installing: /robofuzz/robot_localization_ws/install/include/robot_localization/srv/detail/from_ll__functions.c\n'}
[88.846735] (robot_localization) StdoutLine: {'line': b'-- Installing: /robofuzz/robot_localization_ws/install/include/robot_localization/srv/detail/set_pose__functions.h\n'}
[88.846938] (robot_localization) StdoutLine: {'line': b'-- Installing: /robofuzz/robot_localization_ws/install/include/robot_localization/srv/detail/set_datum__struct.h\n'}
[88.847134] (robot_localization) StdoutLine: {'line': b'-- Installing: /robofuzz/robot_localization_ws/install/include/robot_localization/srv/detail/to_ll__functions.c\n'}
[88.847360] (robot_localization) StdoutLine: {'line': b'-- Installing: /robofuzz/robot_localization_ws/install/include/robot_localization/srv/detail/get_state__struct.h\n'}
[88.847558] (robot_localization) StdoutLine: {'line': b'-- Installing: /robofuzz/robot_localization_ws/install/include/robot_localization/srv/detail/toggle_filter_processing__type_support.h\n'}
[88.847756] (robot_localization) StdoutLine: {'line': b'-- Installing: /robofuzz/robot_localization_ws/install/include/robot_localization/srv/detail/get_state__functions.h\n'}
[88.847968] (robot_localization) StdoutLine: {'line': b'-- Installing: /robofuzz/robot_localization_ws/install/include/robot_localization/srv/detail/set_datum__functions.c\n'}
[88.848189] (robot_localization) StdoutLine: {'line': b'-- Installing: /robofuzz/robot_localization_ws/install/include/robot_localization/srv/detail/set_pose__type_support.h\n'}
[88.848419] (robot_localization) StdoutLine: {'line': b'-- Installing: /robofuzz/robot_localization_ws/install/include/robot_localization/srv/detail/to_ll__functions.h\n'}
[88.848620] (robot_localization) StdoutLine: {'line': b'-- Installing: /robofuzz/robot_localization_ws/install/include/robot_localization/srv/detail/from_ll__type_support.h\n'}
[88.848811] (robot_localization) StdoutLine: {'line': b'-- Installing: /robofuzz/robot_localization_ws/install/include/robot_localization/srv/detail/set_pose__struct.h\n'}
[88.849001] (robot_localization) StdoutLine: {'line': b'-- Installing: /robofuzz/robot_localization_ws/install/include/robot_localization/srv/detail/from_ll__functions.h\n'}
[88.849234] (robot_localization) StdoutLine: {'line': b'-- Installing: /robofuzz/robot_localization_ws/install/include/robot_localization/srv/detail/to_ll__struct.h\n'}
[88.849435] (robot_localization) StdoutLine: {'line': b'-- Installing: /robofuzz/robot_localization_ws/install/include/robot_localization/srv/from_ll.h\n'}
[88.849610] (robot_localization) StdoutLine: {'line': b'-- Installing: /robofuzz/robot_localization_ws/install/include/robot_localization/srv/toggle_filter_processing.h\n'}
[88.849794] (robot_localization) StdoutLine: {'line': b'-- Installing: /robofuzz/robot_localization_ws/install/include/robot_localization/srv/to_ll.h\n'}
[88.850119] (robot_localization) StdoutLine: {'line': b'-- Installing: /robofuzz/robot_localization_ws/install/share/robot_localization/environment/library_path.sh\n'}
[88.850490] (robot_localization) StdoutLine: {'line': b'-- Installing: /robofuzz/robot_localization_ws/install/share/robot_localization/environment/library_path.dsv\n'}
[88.850789] (robot_localization) StdoutLine: {'line': b'-- Installing: /robofuzz/robot_localization_ws/install/lib/librobot_localization__rosidl_generator_c.so\n'}
[88.851526] (robot_localization) StdoutLine: {'line': b'-- Set runtime path of "/robofuzz/robot_localization_ws/install/lib/librobot_localization__rosidl_generator_c.so" to ""\n'}
[88.851640] (robot_localization) StdoutLine: {'line': b'-- Up-to-date: /robofuzz/robot_localization_ws/install/include/robot_localization\n'}
[88.851727] (robot_localization) StdoutLine: {'line': b'-- Up-to-date: /robofuzz/robot_localization_ws/install/include/robot_localization/msg\n'}
[88.851828] (robot_localization) StdoutLine: {'line': b'-- Installing: /robofuzz/robot_localization_ws/install/include/robot_localization/msg/rosidl_typesupport_fastrtps_c__visibility_control.h\n'}
[88.851924] (robot_localization) StdoutLine: {'line': b'-- Up-to-date: /robofuzz/robot_localization_ws/install/include/robot_localization/srv\n'}
[88.852003] (robot_localization) StdoutLine: {'line': b'-- Up-to-date: /robofuzz/robot_localization_ws/install/include/robot_localization/srv/detail\n'}
[88.852070] (robot_localization) StdoutLine: {'line': b'-- Installing: /robofuzz/robot_localization_ws/install/include/robot_localization/srv/detail/set_datum__rosidl_typesupport_fastrtps_c.h\n'}
[88.852235] (robot_localization) StdoutLine: {'line': b'-- Installing: /robofuzz/robot_localization_ws/install/include/robot_localization/srv/detail/toggle_filter_processing__rosidl_typesupport_fastrtps_c.h\n'}
[88.852443] (robot_localization) StdoutLine: {'line': b'-- Installing: /robofuzz/robot_localization_ws/install/include/robot_localization/srv/detail/set_pose__rosidl_typesupport_fastrtps_c.h\n'}
[88.852644] (robot_localization) StdoutLine: {'line': b'-- Installing: /robofuzz/robot_localization_ws/install/include/robot_localization/srv/detail/from_ll__rosidl_typesupport_fastrtps_c.h\n'}
[88.852840] (robot_localization) StdoutLine: {'line': b'-- Installing: /robofuzz/robot_localization_ws/install/include/robot_localization/srv/detail/to_ll__rosidl_typesupport_fastrtps_c.h\n'}
[88.853033] (robot_localization) StdoutLine: {'line': b'-- Installing: /robofuzz/robot_localization_ws/install/include/robot_localization/srv/detail/get_state__rosidl_typesupport_fastrtps_c.h\n'}
[88.853323] (robot_localization) StdoutLine: {'line': b'-- Installing: /robofuzz/robot_localization_ws/install/lib/librobot_localization__rosidl_typesupport_fastrtps_c.so\n'}
[88.854445] (robot_localization) StdoutLine: {'line': b'-- Set runtime path of "/robofuzz/robot_localization_ws/install/lib/librobot_localization__rosidl_typesupport_fastrtps_c.so" to ""\n'}
[88.854545] (robot_localization) StdoutLine: {'line': b'-- Up-to-date: /robofuzz/robot_localization_ws/install/include/robot_localization\n'}
[88.854629] (robot_localization) StdoutLine: {'line': b'-- Up-to-date: /robofuzz/robot_localization_ws/install/include/robot_localization/msg\n'}
[88.854687] (robot_localization) StdoutLine: {'line': b'-- Installing: /robofuzz/robot_localization_ws/install/include/robot_localization/msg/rosidl_typesupport_fastrtps_cpp__visibility_control.h\n'}
[88.854812] (robot_localization) StdoutLine: {'line': b'-- Up-to-date: /robofuzz/robot_localization_ws/install/include/robot_localization/srv\n'}
[88.854888] (robot_localization) StdoutLine: {'line': b'-- Up-to-date: /robofuzz/robot_localization_ws/install/include/robot_localization/srv/detail\n'}
[88.854993] (robot_localization) StdoutLine: {'line': b'-- Installing: /robofuzz/robot_localization_ws/install/include/robot_localization/srv/detail/from_ll__rosidl_typesupport_fastrtps_cpp.hpp\n'}
[88.855134] (robot_localization) StdoutLine: {'line': b'-- Installing: /robofuzz/robot_localization_ws/install/include/robot_localization/srv/detail/toggle_filter_processing__rosidl_typesupport_fastrtps_cpp.hpp\n'}
[88.855348] (robot_localization) StdoutLine: {'line': b'-- Installing: /robofuzz/robot_localization_ws/install/include/robot_localization/srv/detail/dds_fastrtps\n'}
[88.855473] (robot_localization) StdoutLine: {'line': b'-- Installing: /robofuzz/robot_localization_ws/install/include/robot_localization/srv/detail/set_pose__rosidl_typesupport_fastrtps_cpp.hpp\n'}
[88.855675] (robot_localization) StdoutLine: {'line': b'-- Installing: /robofuzz/robot_localization_ws/install/include/robot_localization/srv/detail/set_datum__rosidl_typesupport_fastrtps_cpp.hpp\n'}
[88.855878] (robot_localization) StdoutLine: {'line': b'-- Installing: /robofuzz/robot_localization_ws/install/include/robot_localization/srv/detail/get_state__rosidl_typesupport_fastrtps_cpp.hpp\n'}
[88.856083] (robot_localization) StdoutLine: {'line': b'-- Installing: /robofuzz/robot_localization_ws/install/include/robot_localization/srv/detail/to_ll__rosidl_typesupport_fastrtps_cpp.hpp\n'}
[88.856382] (robot_localization) StdoutLine: {'line': b'-- Installing: /robofuzz/robot_localization_ws/install/lib/librobot_localization__rosidl_typesupport_fastrtps_cpp.so\n'}
[88.857562] (robot_localization) StdoutLine: {'line': b'-- Set runtime path of "/robofuzz/robot_localization_ws/install/lib/librobot_localization__rosidl_typesupport_fastrtps_cpp.so" to ""\n'}
[88.857635] (robot_localization) StdoutLine: {'line': b'-- Up-to-date: /robofuzz/robot_localization_ws/install/include/robot_localization\n'}
[88.857725] (robot_localization) StdoutLine: {'line': b'-- Up-to-date: /robofuzz/robot_localization_ws/install/include/robot_localization/msg\n'}
[88.857825] (robot_localization) StdoutLine: {'line': b'-- Installing: /robofuzz/robot_localization_ws/install/include/robot_localization/msg/rosidl_typesupport_introspection_c__visibility_control.h\n'}
[88.857939] (robot_localization) StdoutLine: {'line': b'-- Up-to-date: /robofuzz/robot_localization_ws/install/include/robot_localization/srv\n'}
[88.858053] (robot_localization) StdoutLine: {'line': b'-- Up-to-date: /robofuzz/robot_localization_ws/install/include/robot_localization/srv/detail\n'}
[88.858128] (robot_localization) StdoutLine: {'line': b'-- Installing: /robofuzz/robot_localization_ws/install/include/robot_localization/srv/detail/get_state__type_support.c\n'}
[88.858290] (robot_localization) StdoutLine: {'line': b'-- Installing: /robofuzz/robot_localization_ws/install/include/robot_localization/srv/detail/to_ll__type_support.c\n'}
[88.858504] (robot_localization) StdoutLine: {'line': b'-- Installing: /robofuzz/robot_localization_ws/install/include/robot_localization/srv/detail/toggle_filter_processing__type_support.c\n'}
[88.858721] (robot_localization) StdoutLine: {'line': b'-- Installing: /robofuzz/robot_localization_ws/install/include/robot_localization/srv/detail/set_datum__type_support.c\n'}
[88.858929] (robot_localization) StdoutLine: {'line': b'-- Installing: /robofuzz/robot_localization_ws/install/include/robot_localization/srv/detail/to_ll__rosidl_typesupport_introspection_c.h\n'}
[88.859130] (robot_localization) StdoutLine: {'line': b'-- Installing: /robofuzz/robot_localization_ws/install/include/robot_localization/srv/detail/toggle_filter_processing__rosidl_typesupport_introspection_c.h\n'}
[88.859354] (robot_localization) StdoutLine: {'line': b'-- Installing: /robofuzz/robot_localization_ws/install/include/robot_localization/srv/detail/set_pose__type_support.c\n'}
[88.859560] (robot_localization) StdoutLine: {'line': b'-- Installing: /robofuzz/robot_localization_ws/install/include/robot_localization/srv/detail/from_ll__rosidl_typesupport_introspection_c.h\n'}
[88.859757] (robot_localization) StdoutLine: {'line': b'-- Installing: /robofuzz/robot_localization_ws/install/include/robot_localization/srv/detail/from_ll__type_support.c\n'}
[88.859965] (robot_localization) StdoutLine: {'line': b'-- Installing: /robofuzz/robot_localization_ws/install/include/robot_localization/srv/detail/get_state__rosidl_typesupport_introspection_c.h\n'}
[88.860176] (robot_localization) StdoutLine: {'line': b'-- Installing: /robofuzz/robot_localization_ws/install/include/robot_localization/srv/detail/set_datum__rosidl_typesupport_introspection_c.h\n'}
[88.860492] (robot_localization) StdoutLine: {'line': b'-- Installing: /robofuzz/robot_localization_ws/install/include/robot_localization/srv/detail/set_pose__rosidl_typesupport_introspection_c.h\n'}
[88.860784] (robot_localization) StdoutLine: {'line': b'-- Installing: /robofuzz/robot_localization_ws/install/lib/librobot_localization__rosidl_typesupport_introspection_c.so\n'}
[88.861416] (robot_localization) StdoutLine: {'line': b'-- Set runtime path of "/robofuzz/robot_localization_ws/install/lib/librobot_localization__rosidl_typesupport_introspection_c.so" to ""\n'}
[88.861529] (robot_localization) StdoutLine: {'line': b'-- Installing: /robofuzz/robot_localization_ws/install/lib/librobot_localization__rosidl_typesupport_c.so\n'}
[88.862053] (robot_localization) StdoutLine: {'line': b'-- Set runtime path of "/robofuzz/robot_localization_ws/install/lib/librobot_localization__rosidl_typesupport_c.so" to ""\n'}
[88.862151] (robot_localization) StdoutLine: {'line': b'-- Up-to-date: /robofuzz/robot_localization_ws/install/include/robot_localization\n'}
[88.862252] (robot_localization) StdoutLine: {'line': b'-- Up-to-date: /robofuzz/robot_localization_ws/install/include/robot_localization/srv\n'}
[88.862356] (robot_localization) StdoutLine: {'line': b'-- Installing: /robofuzz/robot_localization_ws/install/include/robot_localization/srv/set_pose.hpp\n'}
[88.862463] (robot_localization) StdoutLine: {'line': b'-- Installing: /robofuzz/robot_localization_ws/install/include/robot_localization/srv/set_datum.hpp\n'}
[88.862655] (robot_localization) StdoutLine: {'line': b'-- Installing: /robofuzz/robot_localization_ws/install/include/robot_localization/srv/to_ll.hpp\n'}
[88.862842] (robot_localization) StdoutLine: {'line': b'-- Installing: /robofuzz/robot_localization_ws/install/include/robot_localization/srv/toggle_filter_processing.hpp\n'}
[88.863024] (robot_localization) StdoutLine: {'line': b'-- Up-to-date: /robofuzz/robot_localization_ws/install/include/robot_localization/srv/detail\n'}
[88.863108] (robot_localization) StdoutLine: {'line': b'-- Installing: /robofuzz/robot_localization_ws/install/include/robot_localization/srv/detail/from_ll__builder.hpp\n'}
[88.863315] (robot_localization) StdoutLine: {'line': b'-- Installing: /robofuzz/robot_localization_ws/install/include/robot_localization/srv/detail/set_datum__struct.hpp\n'}
[88.863525] (robot_localization) StdoutLine: {'line': b'-- Installing: /robofuzz/robot_localization_ws/install/include/robot_localization/srv/detail/get_state__struct.hpp\n'}
[88.863732] (robot_localization) StdoutLine: {'line': b'-- Installing: /robofuzz/robot_localization_ws/install/include/robot_localization/srv/detail/to_ll__struct.hpp\n'}
[88.863941] (robot_localization) StdoutLine: {'line': b'-- Installing: /robofuzz/robot_localization_ws/install/include/robot_localization/srv/detail/get_state__builder.hpp\n'}
[88.864148] (robot_localization) StdoutLine: {'line': b'-- Installing: /robofuzz/robot_localization_ws/install/include/robot_localization/srv/detail/toggle_filter_processing__traits.hpp\n'}
[88.864373] (robot_localization) StdoutLine: {'line': b'-- Installing: /robofuzz/robot_localization_ws/install/include/robot_localization/srv/detail/set_pose__struct.hpp\n'}
[88.864583] (robot_localization) StdoutLine: {'line': b'-- Installing: /robofuzz/robot_localization_ws/install/include/robot_localization/srv/detail/to_ll__traits.hpp\n'}
[88.864782] (robot_localization) StdoutLine: {'line': b'-- Installing: /robofuzz/robot_localization_ws/install/include/robot_localization/srv/detail/set_pose__builder.hpp\n'}
[88.864986] (robot_localization) StdoutLine: {'line': b'-- Installing: /robofuzz/robot_localization_ws/install/include/robot_localization/srv/detail/set_datum__traits.hpp\n'}
[88.865192] (robot_localization) StdoutLine: {'line': b'-- Installing: /robofuzz/robot_localization_ws/install/include/robot_localization/srv/detail/toggle_filter_processing__builder.hpp\n'}
[88.865422] (robot_localization) StdoutLine: {'line': b'-- Installing: /robofuzz/robot_localization_ws/install/include/robot_localization/srv/detail/to_ll__builder.hpp\n'}
[88.865624] (robot_localization) StdoutLine: {'line': b'-- Installing: /robofuzz/robot_localization_ws/install/include/robot_localization/srv/detail/set_pose__traits.hpp\n'}
[88.865827] (robot_localization) StdoutLine: {'line': b'-- Installing: /robofuzz/robot_localization_ws/install/include/robot_localization/srv/detail/set_datum__builder.hpp\n'}
[88.866038] (robot_localization) StdoutLine: {'line': b'-- Installing: /robofuzz/robot_localization_ws/install/include/robot_localization/srv/detail/toggle_filter_processing__struct.hpp\n'}
[88.866264] (robot_localization) StdoutLine: {'line': b'-- Installing: /robofuzz/robot_localization_ws/install/include/robot_localization/srv/detail/from_ll__traits.hpp\n'}
[88.866479] (robot_localization) StdoutLine: {'line': b'-- Installing: /robofuzz/robot_localization_ws/install/include/robot_localization/srv/detail/from_ll__struct.hpp\n'}
[88.866692] (robot_localization) StdoutLine: {'line': b'-- Installing: /robofuzz/robot_localization_ws/install/include/robot_localization/srv/detail/get_state__traits.hpp\n'}
[88.866898] (robot_localization) StdoutLine: {'line': b'-- Installing: /robofuzz/robot_localization_ws/install/include/robot_localization/srv/from_ll.hpp\n'}
[88.867085] (robot_localization) StdoutLine: {'line': b'-- Installing: /robofuzz/robot_localization_ws/install/include/robot_localization/srv/get_state.hpp\n'}
[88.867325] (robot_localization) StdoutLine: {'line': b'-- Up-to-date: /robofuzz/robot_localization_ws/install/include/robot_localization\n'}
[88.867430] (robot_localization) StdoutLine: {'line': b'-- Up-to-date: /robofuzz/robot_localization_ws/install/include/robot_localization/srv\n'}
[88.867511] (robot_localization) StdoutLine: {'line': b'-- Up-to-date: /robofuzz/robot_localization_ws/install/include/robot_localization/srv/detail\n'}
[88.867570] (robot_localization) StdoutLine: {'line': b'-- Installing: /robofuzz/robot_localization_ws/install/include/robot_localization/srv/detail/to_ll__type_support.cpp\n'}
[88.867733] (robot_localization) StdoutLine: {'line': b'-- Installing: /robofuzz/robot_localization_ws/install/include/robot_localization/srv/detail/get_state__type_support.cpp\n'}
[88.867950] (robot_localization) StdoutLine: {'line': b'-- Installing: /robofuzz/robot_localization_ws/install/include/robot_localization/srv/detail/get_state__rosidl_typesupport_introspection_cpp.hpp\n'}
[88.868163] (robot_localization) StdoutLine: {'line': b'-- Installing: /robofuzz/robot_localization_ws/install/include/robot_localization/srv/detail/set_pose__rosidl_typesupport_introspection_cpp.hpp\n'}
[88.868436] (robot_localization) StdoutLine: {'line': b'-- Installing: /robofuzz/robot_localization_ws/install/include/robot_localization/srv/detail/set_pose__type_support.cpp\n'}
[88.868657] (robot_localization) StdoutLine: {'line': b'-- Installing: /robofuzz/robot_localization_ws/install/include/robot_localization/srv/detail/to_ll__rosidl_typesupport_introspection_cpp.hpp\n'}
[88.868869] (robot_localization) StdoutLine: {'line': b'-- Installing: /robofuzz/robot_localization_ws/install/include/robot_localization/srv/detail/from_ll__type_support.cpp\n'}
[88.869089] (robot_localization) StdoutLine: {'line': b'-- Installing: /robofuzz/robot_localization_ws/install/include/robot_localization/srv/detail/toggle_filter_processing__rosidl_typesupport_introspection_cpp.hpp\n'}
[88.869330] (robot_localization) StdoutLine: {'line': b'-- Installing: /robofuzz/robot_localization_ws/install/include/robot_localization/srv/detail/from_ll__rosidl_typesupport_introspection_cpp.hpp\n'}
[88.869580] (robot_localization) StdoutLine: {'line': b'-- Installing: /robofuzz/robot_localization_ws/install/include/robot_localization/srv/detail/set_datum__rosidl_typesupport_introspection_cpp.hpp\n'}
[88.869805] (robot_localization) StdoutLine: {'line': b'-- Installing: /robofuzz/robot_localization_ws/install/include/robot_localization/srv/detail/set_datum__type_support.cpp\n'}
[88.870062] (robot_localization) StdoutLine: {'line': b'-- Installing: /robofuzz/robot_localization_ws/install/include/robot_localization/srv/detail/toggle_filter_processing__type_support.cpp\n'}
[88.870418] (robot_localization) StdoutLine: {'line': b'-- Installing: /robofuzz/robot_localization_ws/install/lib/librobot_localization__rosidl_typesupport_introspection_cpp.so\n'}
[88.871325] (robot_localization) StdoutLine: {'line': b'-- Set runtime path of "/robofuzz/robot_localization_ws/install/lib/librobot_localization__rosidl_typesupport_introspection_cpp.so" to ""\n'}
[88.871441] (robot_localization) StdoutLine: {'line': b'-- Installing: /robofuzz/robot_localization_ws/install/lib/librobot_localization__rosidl_typesupport_cpp.so\n'}
[88.872115] (robot_localization) StdoutLine: {'line': b'-- Set runtime path of "/robofuzz/robot_localization_ws/install/lib/librobot_localization__rosidl_typesupport_cpp.so" to ""\n'}
[88.872208] (robot_localization) StdoutLine: {'line': b'-- Installing: /robofuzz/robot_localization_ws/install/share/robot_localization/environment/pythonpath.sh\n'}
[88.872457] (robot_localization) StdoutLine: {'line': b'-- Installing: /robofuzz/robot_localization_ws/install/share/robot_localization/environment/pythonpath.dsv\n'}
[88.872800] (robot_localization) StdoutLine: {'line': b'-- Installing: /robofuzz/robot_localization_ws/install/lib/python3.8/site-packages/robot_localization/__init__.py\n'}
[88.892785] (-) TimerEvent: {}
[88.925675] (robot_localization) StdoutLine: {'line': b"Compiling '/robofuzz/robot_localization_ws/install/lib/python3.8/site-packages/robot_localization/__init__.py'...\n"}
[88.928832] (robot_localization) StdoutLine: {'line': b'-- Installing: /robofuzz/robot_localization_ws/install/lib/python3.8/site-packages/robot_localization/srv\n'}
[88.928992] (robot_localization) StdoutLine: {'line': b'-- Installing: /robofuzz/robot_localization_ws/install/lib/python3.8/site-packages/robot_localization/srv/_set_pose_s.c\n'}
[88.929211] (robot_localization) StdoutLine: {'line': b'-- Installing: /robofuzz/robot_localization_ws/install/lib/python3.8/site-packages/robot_localization/srv/_set_datum_s.c\n'}
[88.929481] (robot_localization) StdoutLine: {'line': b'-- Installing: /robofuzz/robot_localization_ws/install/lib/python3.8/site-packages/robot_localization/srv/__init__.py\n'}
[88.929713] (robot_localization) StdoutLine: {'line': b'-- Installing: /robofuzz/robot_localization_ws/install/lib/python3.8/site-packages/robot_localization/srv/_get_state.py\n'}
[88.929956] (robot_localization) StdoutLine: {'line': b'-- Installing: /robofuzz/robot_localization_ws/install/lib/python3.8/site-packages/robot_localization/srv/_toggle_filter_processing.py\n'}
[88.930198] (robot_localization) StdoutLine: {'line': b'-- Installing: /robofuzz/robot_localization_ws/install/lib/python3.8/site-packages/robot_localization/srv/_toggle_filter_processing_s.c\n'}
[88.930441] (robot_localization) StdoutLine: {'line': b'-- Installing: /robofuzz/robot_localization_ws/install/lib/python3.8/site-packages/robot_localization/srv/_set_datum.py\n'}
[88.930675] (robot_localization) StdoutLine: {'line': b'-- Installing: /robofuzz/robot_localization_ws/install/lib/python3.8/site-packages/robot_localization/srv/_to_ll.py\n'}
[88.930928] (robot_localization) StdoutLine: {'line': b'-- Installing: /robofuzz/robot_localization_ws/install/lib/python3.8/site-packages/robot_localization/srv/_get_state_s.c\n'}
[88.931193] (robot_localization) StdoutLine: {'line': b'-- Installing: /robofuzz/robot_localization_ws/install/lib/python3.8/site-packages/robot_localization/srv/_to_ll_s.c\n'}
[88.931531] (robot_localization) StdoutLine: {'line': b'-- Installing: /robofuzz/robot_localization_ws/install/lib/python3.8/site-packages/robot_localization/srv/_from_ll.py\n'}
[88.931817] (robot_localization) StdoutLine: {'line': b'-- Installing: /robofuzz/robot_localization_ws/install/lib/python3.8/site-packages/robot_localization/srv/_from_ll_s.c\n'}
[88.932089] (robot_localization) StdoutLine: {'line': b'-- Installing: /robofuzz/robot_localization_ws/install/lib/python3.8/site-packages/robot_localization/srv/_set_pose.py\n'}
[88.932573] (robot_localization) StdoutLine: {'line': b'-- Installing: /robofuzz/robot_localization_ws/install/lib/python3.8/site-packages/robot_localization/robot_localization_s__rosidl_typesupport_fastrtps_c.cpython-38-x86_64-linux-gnu.so\n'}
[88.933354] (robot_localization) StdoutLine: {'line': b'-- Set runtime path of "/robofuzz/robot_localization_ws/install/lib/python3.8/site-packages/robot_localization/robot_localization_s__rosidl_typesupport_fastrtps_c.cpython-38-x86_64-linux-gnu.so" to ""\n'}
[88.933582] (robot_localization) StdoutLine: {'line': b'-- Installing: /robofuzz/robot_localization_ws/install/lib/python3.8/site-packages/robot_localization/robot_localization_s__rosidl_typesupport_introspection_c.cpython-38-x86_64-linux-gnu.so\n'}
[88.934390] (robot_localization) StdoutLine: {'line': b'-- Set runtime path of "/robofuzz/robot_localization_ws/install/lib/python3.8/site-packages/robot_localization/robot_localization_s__rosidl_typesupport_introspection_c.cpython-38-x86_64-linux-gnu.so" to ""\n'}
[88.934598] (robot_localization) StdoutLine: {'line': b'-- Installing: /robofuzz/robot_localization_ws/install/lib/python3.8/site-packages/robot_localization/robot_localization_s__rosidl_typesupport_c.cpython-38-x86_64-linux-gnu.so\n'}
[88.935382] (robot_localization) StdoutLine: {'line': b'-- Set runtime path of "/robofuzz/robot_localization_ws/install/lib/python3.8/site-packages/robot_localization/robot_localization_s__rosidl_typesupport_c.cpython-38-x86_64-linux-gnu.so" to ""\n'}
[88.935484] (robot_localization) StdoutLine: {'line': b'-- Installing: /robofuzz/robot_localization_ws/install/lib/librobot_localization__python.so\n'}
[88.936203] (robot_localization) StdoutLine: {'line': b'-- Set runtime path of "/robofuzz/robot_localization_ws/install/lib/librobot_localization__python.so" to ""\n'}
[88.936351] (robot_localization) StdoutLine: {'line': b'-- Installing: /robofuzz/robot_localization_ws/install/share/robot_localization/srv/FromLL.idl\n'}
[88.936576] (robot_localization) StdoutLine: {'line': b'-- Installing: /robofuzz/robot_localization_ws/install/share/robot_localization/srv/GetState.idl\n'}
[88.936799] (robot_localization) StdoutLine: {'line': b'-- Installing: /robofuzz/robot_localization_ws/install/share/robot_localization/srv/SetDatum.idl\n'}
[88.937022] (robot_localization) StdoutLine: {'line': b'-- Installing: /robofuzz/robot_localization_ws/install/share/robot_localization/srv/SetPose.idl\n'}
[88.937250] (robot_localization) StdoutLine: {'line': b'-- Installing: /robofuzz/robot_localization_ws/install/share/robot_localization/srv/ToggleFilterProcessing.idl\n'}
[88.937489] (robot_localization) StdoutLine: {'line': b'-- Installing: /robofuzz/robot_localization_ws/install/share/robot_localization/srv/ToLL.idl\n'}
[88.937706] (robot_localization) StdoutLine: {'line': b'-- Installing: /robofuzz/robot_localization_ws/install/share/robot_localization/srv/FromLL.srv\n'}
[88.938024] (robot_localization) StdoutLine: {'line': b'-- Installing: /robofuzz/robot_localization_ws/install/share/robot_localization/srv/FromLL_Request.msg\n'}
[88.938268] (robot_localization) StdoutLine: {'line': b'-- Installing: /robofuzz/robot_localization_ws/install/share/robot_localization/srv/FromLL_Response.msg\n'}
[88.938501] (robot_localization) StdoutLine: {'line': b'-- Installing: /robofuzz/robot_localization_ws/install/share/robot_localization/srv/GetState.srv\n'}
[88.938802] (robot_localization) StdoutLine: {'line': b'-- Installing: /robofuzz/robot_localization_ws/install/share/robot_localization/srv/GetState_Request.msg\n'}
[88.939027] (robot_localization) StdoutLine: {'line': b'-- Installing: /robofuzz/robot_localization_ws/install/share/robot_localization/srv/GetState_Response.msg\n'}
[88.939265] (robot_localization) StdoutLine: {'line': b'-- Installing: /robofuzz/robot_localization_ws/install/share/robot_localization/srv/SetDatum.srv\n'}
[88.939662] (robot_localization) StdoutLine: {'line': b'-- Installing: /robofuzz/robot_localization_ws/install/share/robot_localization/srv/SetDatum_Request.msg\n'}
[88.939922] (robot_localization) StdoutLine: {'line': b'-- Installing: /robofuzz/robot_localization_ws/install/share/robot_localization/srv/SetDatum_Response.msg\n'}
[88.940158] (robot_localization) StdoutLine: {'line': b'-- Installing: /robofuzz/robot_localization_ws/install/share/robot_localization/srv/SetPose.srv\n'}
[88.940466] (robot_localization) StdoutLine: {'line': b'-- Installing: /robofuzz/robot_localization_ws/install/share/robot_localization/srv/SetPose_Request.msg\n'}
[88.940709] (robot_localization) StdoutLine: {'line': b'-- Installing: /robofuzz/robot_localization_ws/install/share/robot_localization/srv/SetPose_Response.msg\n'}
[88.940949] (robot_localization) StdoutLine: {'line': b'-- Installing: /robofuzz/robot_localization_ws/install/share/robot_localization/srv/ToggleFilterProcessing.srv\n'}
[88.941238] (robot_localization) StdoutLine: {'line': b'-- Installing: /robofuzz/robot_localization_ws/install/share/robot_localization/srv/ToggleFilterProcessing_Request.msg\n'}
[88.941479] (robot_localization) StdoutLine: {'line': b'-- Installing: /robofuzz/robot_localization_ws/install/share/robot_localization/srv/ToggleFilterProcessing_Response.msg\n'}
[88.941728] (robot_localization) StdoutLine: {'line': b'-- Installing: /robofuzz/robot_localization_ws/install/share/robot_localization/srv/ToLL.srv\n'}
[88.942000] (robot_localization) StdoutLine: {'line': b'-- Installing: /robofuzz/robot_localization_ws/install/share/robot_localization/srv/ToLL_Request.msg\n'}
[88.942248] (robot_localization) StdoutLine: {'line': b'-- Installing: /robofuzz/robot_localization_ws/install/share/robot_localization/srv/ToLL_Response.msg\n'}
[88.942579] (robot_localization) StdoutLine: {'line': b'-- Installing: /robofuzz/robot_localization_ws/install/lib/robot_localization/filter_base-test\n'}
[88.952100] (robot_localization) StdoutLine: {'line': b'-- Set runtime path of "/robofuzz/robot_localization_ws/install/lib/robot_localization/filter_base-test" to ""\n'}
[88.952331] (robot_localization) StdoutLine: {'line': b'-- Installing: /robofuzz/robot_localization_ws/install/lib/robot_localization/test_filter_base_diagnostics_timestamps\n'}
[88.972190] (robot_localization) StdoutLine: {'line': b'-- Set runtime path of "/robofuzz/robot_localization_ws/install/lib/robot_localization/test_filter_base_diagnostics_timestamps" to ""\n'}
[88.972398] (robot_localization) StdoutLine: {'line': b'-- Installing: /robofuzz/robot_localization_ws/install/lib/robot_localization/test_ekf\n'}
[88.983065] (robot_localization) StdoutLine: {'line': b'-- Set runtime path of "/robofuzz/robot_localization_ws/install/lib/robot_localization/test_ekf" to ""\n'}
[88.983218] (robot_localization) StdoutLine: {'line': b'-- Installing: /robofuzz/robot_localization_ws/install/lib/robot_localization/test_ekf_localization_node_interfaces\n'}
[88.992885] (-) TimerEvent: {}
[89.005332] (robot_localization) StdoutLine: {'line': b'-- Set runtime path of "/robofuzz/robot_localization_ws/install/lib/robot_localization/test_ekf_localization_node_interfaces" to ""\n'}
[89.005522] (robot_localization) StdoutLine: {'line': b'-- Installing: /robofuzz/robot_localization_ws/install/lib/robot_localization/test_ukf\n'}
[89.017420] (robot_localization) StdoutLine: {'line': b'-- Set runtime path of "/robofuzz/robot_localization_ws/install/lib/robot_localization/test_ukf" to ""\n'}
[89.017628] (robot_localization) StdoutLine: {'line': b'-- Installing: /robofuzz/robot_localization_ws/install/lib/robot_localization/test_ukf_localization_node_interfaces\n'}
[89.039371] (robot_localization) StdoutLine: {'line': b'-- Set runtime path of "/robofuzz/robot_localization_ws/install/lib/robot_localization/test_ukf_localization_node_interfaces" to ""\n'}
[89.039590] (robot_localization) StdoutLine: {'line': b'-- Installing: /robofuzz/robot_localization_ws/install/lib/robot_localization/test_robot_localization_estimator\n'}
[89.049914] (robot_localization) StdoutLine: {'line': b'-- Set runtime path of "/robofuzz/robot_localization_ws/install/lib/robot_localization/test_robot_localization_estimator" to ""\n'}
[89.050118] (robot_localization) StdoutLine: {'line': b'-- Installing: /robofuzz/robot_localization_ws/install/lib/robot_localization/test_navsat_conversions\n'}
[89.057875] (robot_localization) StdoutLine: {'line': b'-- Set runtime path of "/robofuzz/robot_localization_ws/install/lib/robot_localization/test_navsat_conversions" to ""\n'}
[89.058040] (robot_localization) StdoutLine: {'line': b'-- Installing: /robofuzz/robot_localization_ws/install/lib/robot_localization/test_navsat_transform\n'}
[89.067890] (robot_localization) StdoutLine: {'line': b'-- Set runtime path of "/robofuzz/robot_localization_ws/install/lib/robot_localization/test_navsat_transform" to ""\n'}
[89.068014] (robot_localization) StdoutLine: {'line': b'-- Installing: /robofuzz/robot_localization_ws/install/lib/robot_localization/test_ros_robot_localization_listener\n'}
[89.078486] (robot_localization) StdoutLine: {'line': b'-- Set runtime path of "/robofuzz/robot_localization_ws/install/lib/robot_localization/test_ros_robot_localization_listener" to ""\n'}
[89.078715] (robot_localization) StdoutLine: {'line': b'-- Installing: /robofuzz/robot_localization_ws/install/lib/robot_localization/test_ros_robot_localization_listener_publisher\n'}
[89.084110] (robot_localization) StdoutLine: {'line': b'-- Set runtime path of "/robofuzz/robot_localization_ws/install/lib/robot_localization/test_ros_robot_localization_listener_publisher" to ""\n'}
[89.084267] (robot_localization) StdoutLine: {'line': b'-- Installing: /robofuzz/robot_localization_ws/install/share/robot_localization/test\n'}
[89.084397] (robot_localization) StdoutLine: {'line': b'-- Installing: /robofuzz/robot_localization_ws/install/share/robot_localization/test/test_ekf_localization_node_bag2.yaml\n'}
[89.084643] (robot_localization) StdoutLine: {'line': b'-- Installing: /robofuzz/robot_localization_ws/install/share/robot_localization/test/test_ekf_localization_node_interfaces.cpp\n'}
[89.084867] (robot_localization) StdoutLine: {'line': b'-- Installing: /robofuzz/robot_localization_ws/install/share/robot_localization/test/test_ekf_localization_node_interfaces.yaml\n'}
[89.085268] (robot_localization) StdoutLine: {'line': b'-- Installing: /robofuzz/robot_localization_ws/install/share/robot_localization/test/test_navsat_transform.cpp\n'}
[89.085456] (robot_localization) StdoutLine: {'line': b'-- Installing: /robofuzz/robot_localization_ws/install/share/robot_localization/test/test_ros_robot_localization_listener.cpp\n'}
[89.085648] (robot_localization) StdoutLine: {'line': b'-- Installing: /robofuzz/robot_localization_ws/install/share/robot_localization/test/test_ukf_localization_node_interfaces.launch.py\n'}
[89.085948] (robot_localization) StdoutLine: {'line': b'-- Installing: /robofuzz/robot_localization_ws/install/share/robot_localization/test/test_ukf_localization_node_bag2.sh\n'}
[89.086399] (robot_localization) StdoutLine: {'line': b'-- Installing: /robofuzz/robot_localization_ws/install/share/robot_localization/test/test_ekf_localization_node_bag2.launch.py\n'}
[89.086699] (robot_localization) StdoutLine: {'line': b'-- Installing: /robofuzz/robot_localization_ws/install/share/robot_localization/test/test_ukf_localization_node_interfaces.yaml\n'}
[89.087007] (robot_localization) StdoutLine: {'line': b'-- Installing: /robofuzz/robot_localization_ws/install/share/robot_localization/test/test_localization_node_bag_pose_tester.cpp\n'}
[89.087492] (robot_localization) StdoutLine: {'line': b'-- Installing: /robofuzz/robot_localization_ws/install/share/robot_localization/test/test_ekf_localization_node_bag1.yaml\n'}
[89.087817] (robot_localization) StdoutLine: {'line': b'-- Installing: /robofuzz/robot_localization_ws/install/share/robot_localization/test/test_filter_base_diagnostics_timestamps.yaml\n'}
[89.088094] (robot_localization) StdoutLine: {'line': b'-- Installing: /robofuzz/robot_localization_ws/install/share/robot_localization/test/test_ukf_localization_node_bag1.launch.py\n'}
[89.088407] (robot_localization) StdoutLine: {'line': b'-- Installing: /robofuzz/robot_localization_ws/install/share/robot_localization/test/test_filter_base.cpp\n'}
[89.088637] (robot_localization) StdoutLine: {'line': b'-- Installing: /robofuzz/robot_localization_ws/install/share/robot_localization/test/test_ekf.cpp\n'}
[89.088824] (robot_localization) StdoutLine: {'line': b'-- Installing: /robofuzz/robot_localization_ws/install/share/robot_localization/test/test_ukf_localization_node_bag1.yaml\n'}
[89.089109] (robot_localization) StdoutLine: {'line': b'-- Installing: /robofuzz/robot_localization_ws/install/share/robot_localization/test/test_ukf.cpp\n'}
[89.089337] (robot_localization) StdoutLine: {'line': b'-- Installing: /robofuzz/robot_localization_ws/install/share/robot_localization/test/test_filter_base_diagnostics_timestamps.cpp\n'}
[89.089595] (robot_localization) StdoutLine: {'line': b'-- Installing: /robofuzz/robot_localization_ws/install/share/robot_localization/test/test_ekf_localization_node_bag3.sh\n'}
[89.089883] (robot_localization) StdoutLine: {'line': b'-- Installing: /robofuzz/robot_localization_ws/install/share/robot_localization/test/test_ukf_localization_node_bag2.launch.py\n'}
[89.090152] (robot_localization) StdoutLine: {'line': b'-- Installing: /robofuzz/robot_localization_ws/install/share/robot_localization/test/test3.bag\n'}
[89.092958] (-) TimerEvent: {}
[89.127131] (robot_localization) StdoutLine: {'line': b'-- Installing: /robofuzz/robot_localization_ws/install/share/robot_localization/test/test_ekf_localization_node_bag3.launch.py\n'}
[89.127441] (robot_localization) StdoutLine: {'line': b'-- Installing: /robofuzz/robot_localization_ws/install/share/robot_localization/test/test_ukf_localization_node_bag2.yaml\n'}
[89.127761] (robot_localization) StdoutLine: {'line': b'-- Installing: /robofuzz/robot_localization_ws/install/share/robot_localization/test/test_robot_localization_estimator.launch.py\n'}
[89.128032] (robot_localization) StdoutLine: {'line': b'-- Installing: /robofuzz/robot_localization_ws/install/share/robot_localization/test/test_robot_localization_estimator.cpp\n'}
[89.128242] (robot_localization) StdoutLine: {'line': b'-- Installing: /robofuzz/robot_localization_ws/install/share/robot_localization/test/test_ros_robot_localization_listener.yaml\n'}
[89.128526] (robot_localization) StdoutLine: {'line': b'-- Installing: /robofuzz/robot_localization_ws/install/share/robot_localization/test/test_ekf_localization_node_bag1.launch.py\n'}
[89.128827] (robot_localization) StdoutLine: {'line': b'-- Installing: /robofuzz/robot_localization_ws/install/share/robot_localization/test/test_ros_robot_localization_listener.launch.py\n'}
[89.129157] (robot_localization) StdoutLine: {'line': b'-- Installing: /robofuzz/robot_localization_ws/install/share/robot_localization/test/test_ekf_localization_node_bag1.sh\n'}
[89.129507] (robot_localization) StdoutLine: {'line': b'-- Installing: /robofuzz/robot_localization_ws/install/share/robot_localization/test/test2.bag\n'}
[89.131460] (robot_localization) StdoutLine: {'line': b'-- Installing: /robofuzz/robot_localization_ws/install/share/robot_localization/test/test_ukf_localization_node_bag3.launch.py\n'}
[89.131757] (robot_localization) StdoutLine: {'line': b'-- Installing: /robofuzz/robot_localization_ws/install/share/robot_localization/test/test1.bag\n'}
[89.135125] (robot_localization) StdoutLine: {'line': b'-- Installing: /robofuzz/robot_localization_ws/install/share/robot_localization/test/test_navsat_conversions.cpp\n'}
[89.135329] (robot_localization) StdoutLine: {'line': b'-- Installing: /robofuzz/robot_localization_ws/install/share/robot_localization/test/test_ukf_localization_node_bag3.sh\n'}
[89.135626] (robot_localization) StdoutLine: {'line': b'-- Installing: /robofuzz/robot_localization_ws/install/share/robot_localization/test/test_ukf_localization_node_bag1.sh\n'}
[89.135921] (robot_localization) StdoutLine: {'line': b'-- Installing: /robofuzz/robot_localization_ws/install/share/robot_localization/test/test_filter_base_diagnostics_timestamps.launch.py\n'}
[89.136211] (robot_localization) StdoutLine: {'line': b'-- Installing: /robofuzz/robot_localization_ws/install/share/robot_localization/test/test_ros_robot_localization_listener_publisher.cpp\n'}
[89.136430] (robot_localization) StdoutLine: {'line': b'-- Installing: /robofuzz/robot_localization_ws/install/share/robot_localization/test/test_ukf_localization_node_bag3.yaml\n'}
[89.136701] (robot_localization) StdoutLine: {'line': b'-- Installing: /robofuzz/robot_localization_ws/install/share/robot_localization/test/test_ekf_localization_node_bag2.sh\n'}
[89.136994] (robot_localization) StdoutLine: {'line': b'-- Installing: /robofuzz/robot_localization_ws/install/share/robot_localization/test/test_ekf_localization_node_interfaces.launch.py\n'}
[89.137285] (robot_localization) StdoutLine: {'line': b'-- Installing: /robofuzz/robot_localization_ws/install/share/robot_localization/test/test_ekf_localization_node_bag3.yaml\n'}
[89.137558] (robot_localization) StdoutLine: {'line': b'-- Installing: /robofuzz/robot_localization_ws/install/share/robot_localization/test/test_ukf_localization_node_interfaces.cpp\n'}
[89.137783] (robot_localization) StdoutLine: {'line': b'-- Installing: /robofuzz/robot_localization_ws/install/share/robot_localization/test/test_navsat_transform.launch.py\n'}
[89.138182] (robot_localization) StdoutLine: {'line': b'-- Installing: /robofuzz/robot_localization_ws/install/lib/robot_localization/navsat_transform_node\n'}
[89.139777] (robot_localization) StdoutLine: {'line': b'-- Set runtime path of "/robofuzz/robot_localization_ws/install/lib/robot_localization/navsat_transform_node" to ""\n'}
[89.139937] (robot_localization) StdoutLine: {'line': b'-- Installing: /robofuzz/robot_localization_ws/install/lib/robot_localization/ekf_node\n'}
[89.142096] (robot_localization) StdoutLine: {'line': b'-- Set runtime path of "/robofuzz/robot_localization_ws/install/lib/robot_localization/ekf_node" to ""\n'}
[89.142271] (robot_localization) StdoutLine: {'line': b'-- Installing: /robofuzz/robot_localization_ws/install/lib/robot_localization/ukf_node\n'}
[89.144734] (robot_localization) StdoutLine: {'line': b'-- Set runtime path of "/robofuzz/robot_localization_ws/install/lib/robot_localization/ukf_node" to ""\n'}
[89.144905] (robot_localization) StdoutLine: {'line': b'-- Installing: /robofuzz/robot_localization_ws/install/lib/robot_localization/robot_localization_listener_node\n'}
[89.148208] (robot_localization) StdoutLine: {'line': b'-- Set runtime path of "/robofuzz/robot_localization_ws/install/lib/robot_localization/robot_localization_listener_node" to ""\n'}
[89.148438] (robot_localization) StdoutLine: {'line': b'-- Installing: /robofuzz/robot_localization_ws/install/lib/librl_lib.so\n'}
[89.193100] (-) TimerEvent: {}
[89.244948] (robot_localization) StdoutLine: {'line': b'-- Set runtime path of "/robofuzz/robot_localization_ws/install/lib/librl_lib.so" to ""\n'}
[89.245141] (robot_localization) StdoutLine: {'line': b'-- Up-to-date: /robofuzz/robot_localization_ws/install/include\n'}
[89.245262] (robot_localization) StdoutLine: {'line': b'-- Up-to-date: /robofuzz/robot_localization_ws/install/include/robot_localization\n'}
[89.245411] (robot_localization) StdoutLine: {'line': b'-- Installing: /robofuzz/robot_localization_ws/install/include/robot_localization/filter_base.hpp\n'}
[89.245511] (robot_localization) StdoutLine: {'line': b'-- Installing: /robofuzz/robot_localization_ws/install/include/robot_localization/ros_filter.hpp\n'}
[89.245622] (robot_localization) StdoutLine: {'line': b'-- Installing: /robofuzz/robot_localization_ws/install/include/robot_localization/filter_utilities.hpp\n'}
[89.245781] (robot_localization) StdoutLine: {'line': b'-- Installing: /robofuzz/robot_localization_ws/install/include/robot_localization/filter_common.hpp\n'}
[89.245933] (robot_localization) StdoutLine: {'line': b'-- Installing: /robofuzz/robot_localization_ws/install/include/robot_localization/ros_robot_localization_listener.hpp\n'}
[89.246136] (robot_localization) StdoutLine: {'line': b'-- Installing: /robofuzz/robot_localization_ws/install/include/robot_localization/navsat_transform.hpp\n'}
[89.246341] (robot_localization) StdoutLine: {'line': b'-- Installing: /robofuzz/robot_localization_ws/install/include/robot_localization/ukf.hpp\n'}
[89.246523] (robot_localization) StdoutLine: {'line': b'-- Installing: /robofuzz/robot_localization_ws/install/include/robot_localization/ros_filter_types.hpp\n'}
[89.246700] (robot_localization) StdoutLine: {'line': b'-- Installing: /robofuzz/robot_localization_ws/install/include/robot_localization/filter_state.hpp\n'}
[89.246872] (robot_localization) StdoutLine: {'line': b'-- Installing: /robofuzz/robot_localization_ws/install/include/robot_localization/ros_filter_utilities.hpp\n'}
[89.247066] (robot_localization) StdoutLine: {'line': b'-- Installing: /robofuzz/robot_localization_ws/install/include/robot_localization/robot_localization_estimator.hpp\n'}
[89.247259] (robot_localization) StdoutLine: {'line': b'-- Installing: /robofuzz/robot_localization_ws/install/include/robot_localization/ekf.hpp\n'}
[89.247439] (robot_localization) StdoutLine: {'line': b'-- Installing: /robofuzz/robot_localization_ws/install/include/robot_localization/measurement.hpp\n'}
[89.247621] (robot_localization) StdoutLine: {'line': b'-- Installing: /robofuzz/robot_localization_ws/install/include/robot_localization/navsat_conversions.hpp\n'}
[89.247854] (robot_localization) StdoutLine: {'line': b'-- Installing: /robofuzz/robot_localization_ws/install/share/robot_localization/params\n'}
[89.248064] (robot_localization) StdoutLine: {'line': b'-- Installing: /robofuzz/robot_localization_ws/install/share/robot_localization/params/ekf.yaml\n'}
[89.248480] (robot_localization) StdoutLine: {'line': b'-- Installing: /robofuzz/robot_localization_ws/install/share/robot_localization/params/dual_ekf_navsat_example.yaml\n'}
[89.248895] (robot_localization) StdoutLine: {'line': b'-- Installing: /robofuzz/robot_localization_ws/install/share/robot_localization/params/ukf.yaml\n'}
[89.249145] (robot_localization) StdoutLine: {'line': b'-- Installing: /robofuzz/robot_localization_ws/install/share/robot_localization/params/navsat_transform.yaml\n'}
[89.249367] (robot_localization) StdoutLine: {'line': b'-- Installing: /robofuzz/robot_localization_ws/install/share/robot_localization/launch\n'}
[89.249558] (robot_localization) StdoutLine: {'line': b'-- Installing: /robofuzz/robot_localization_ws/install/share/robot_localization/launch/navsat_transform.launch.py\n'}
[89.249824] (robot_localization) StdoutLine: {'line': b'-- Installing: /robofuzz/robot_localization_ws/install/share/robot_localization/launch/ekf.launch.py\n'}
[89.250101] (robot_localization) StdoutLine: {'line': b'-- Installing: /robofuzz/robot_localization_ws/install/share/robot_localization/launch/dual_ekf_navsat_example.launch.py\n'}
[89.250381] (robot_localization) StdoutLine: {'line': b'-- Installing: /robofuzz/robot_localization_ws/install/share/robot_localization/launch/ukf.launch.py\n'}
[89.250792] (robot_localization) StdoutLine: {'line': b'-- Installing: /robofuzz/robot_localization_ws/install/share/ament_index/resource_index/package_run_dependencies/robot_localization\n'}
[89.251093] (robot_localization) StdoutLine: {'line': b'-- Installing: /robofuzz/robot_localization_ws/install/share/ament_index/resource_index/parent_prefix_path/robot_localization\n'}
[89.251349] (robot_localization) StdoutLine: {'line': b'-- Installing: /robofuzz/robot_localization_ws/install/share/robot_localization/environment/ament_prefix_path.sh\n'}
[89.251675] (robot_localization) StdoutLine: {'line': b'-- Installing: /robofuzz/robot_localization_ws/install/share/robot_localization/environment/ament_prefix_path.dsv\n'}
[89.251901] (robot_localization) StdoutLine: {'line': b'-- Installing: /robofuzz/robot_localization_ws/install/share/robot_localization/environment/path.sh\n'}
[89.252233] (robot_localization) StdoutLine: {'line': b'-- Installing: /robofuzz/robot_localization_ws/install/share/robot_localization/environment/path.dsv\n'}
[89.252466] (robot_localization) StdoutLine: {'line': b'-- Installing: /robofuzz/robot_localization_ws/install/share/robot_localization/local_setup.bash\n'}
[89.252684] (robot_localization) StdoutLine: {'line': b'-- Installing: /robofuzz/robot_localization_ws/install/share/robot_localization/local_setup.sh\n'}
[89.252901] (robot_localization) StdoutLine: {'line': b'-- Installing: /robofuzz/robot_localization_ws/install/share/robot_localization/local_setup.zsh\n'}
[89.253114] (robot_localization) StdoutLine: {'line': b'-- Installing: /robofuzz/robot_localization_ws/install/share/robot_localization/local_setup.dsv\n'}
[89.253346] (robot_localization) StdoutLine: {'line': b'-- Installing: /robofuzz/robot_localization_ws/install/share/robot_localization/package.dsv\n'}
[89.253623] (robot_localization) StdoutLine: {'line': b'-- Installing: /robofuzz/robot_localization_ws/install/share/ament_index/resource_index/packages/robot_localization\n'}
[89.253932] (robot_localization) StdoutLine: {'line': b'-- Installing: /robofuzz/robot_localization_ws/install/share/robot_localization/cmake/robot_localization__rosidl_generator_cExport.cmake\n'}
[89.254188] (robot_localization) StdoutLine: {'line': b'-- Installing: /robofuzz/robot_localization_ws/install/share/robot_localization/cmake/robot_localization__rosidl_generator_cExport-relwithdebinfo.cmake\n'}
[89.254502] (robot_localization) StdoutLine: {'line': b'-- Installing: /robofuzz/robot_localization_ws/install/share/robot_localization/cmake/robot_localization__rosidl_typesupport_introspection_cExport.cmake\n'}
[89.254747] (robot_localization) StdoutLine: {'line': b'-- Installing: /robofuzz/robot_localization_ws/install/share/robot_localization/cmake/robot_localization__rosidl_typesupport_introspection_cExport-relwithdebinfo.cmake\n'}
[89.255016] (robot_localization) StdoutLine: {'line': b'-- Installing: /robofuzz/robot_localization_ws/install/share/robot_localization/cmake/robot_localization__rosidl_typesupport_cExport.cmake\n'}
[89.255281] (robot_localization) StdoutLine: {'line': b'-- Installing: /robofuzz/robot_localization_ws/install/share/robot_localization/cmake/robot_localization__rosidl_typesupport_cExport-relwithdebinfo.cmake\n'}
[89.255551] (robot_localization) StdoutLine: {'line': b'-- Installing: /robofuzz/robot_localization_ws/install/share/robot_localization/cmake/robot_localization__rosidl_generator_cppExport.cmake\n'}
[89.255839] (robot_localization) StdoutLine: {'line': b'-- Installing: /robofuzz/robot_localization_ws/install/share/robot_localization/cmake/robot_localization__rosidl_typesupport_introspection_cppExport.cmake\n'}
[89.256099] (robot_localization) StdoutLine: {'line': b'-- Installing: /robofuzz/robot_localization_ws/install/share/robot_localization/cmake/robot_localization__rosidl_typesupport_introspection_cppExport-relwithdebinfo.cmake\n'}
[89.256385] (robot_localization) StdoutLine: {'line': b'-- Installing: /robofuzz/robot_localization_ws/install/share/robot_localization/cmake/robot_localization__rosidl_typesupport_cppExport.cmake\n'}
[89.256643] (robot_localization) StdoutLine: {'line': b'-- Installing: /robofuzz/robot_localization_ws/install/share/robot_localization/cmake/robot_localization__rosidl_typesupport_cppExport-relwithdebinfo.cmake\n'}
[89.256876] (robot_localization) StdoutLine: {'line': b'-- Installing: /robofuzz/robot_localization_ws/install/share/robot_localization/cmake/rosidl_cmake-extras.cmake\n'}
[89.257106] (robot_localization) StdoutLine: {'line': b'-- Installing: /robofuzz/robot_localization_ws/install/share/robot_localization/cmake/ament_cmake_export_dependencies-extras.cmake\n'}
[89.257379] (robot_localization) StdoutLine: {'line': b'-- Installing: /robofuzz/robot_localization_ws/install/share/robot_localization/cmake/ament_cmake_export_libraries-extras.cmake\n'}
[89.257630] (robot_localization) StdoutLine: {'line': b'-- Installing: /robofuzz/robot_localization_ws/install/share/robot_localization/cmake/ament_cmake_export_targets-extras.cmake\n'}
[89.257857] (robot_localization) StdoutLine: {'line': b'-- Installing: /robofuzz/robot_localization_ws/install/share/robot_localization/cmake/ament_cmake_export_include_directories-extras.cmake\n'}
[89.258084] (robot_localization) StdoutLine: {'line': b'-- Installing: /robofuzz/robot_localization_ws/install/share/robot_localization/cmake/rosidl_cmake_export_typesupport_libraries-extras.cmake\n'}
[89.258344] (robot_localization) StdoutLine: {'line': b'-- Installing: /robofuzz/robot_localization_ws/install/share/robot_localization/cmake/rosidl_cmake_export_typesupport_targets-extras.cmake\n'}
[89.258574] (robot_localization) StdoutLine: {'line': b'-- Installing: /robofuzz/robot_localization_ws/install/share/robot_localization/cmake/robot_localizationConfig.cmake\n'}
[89.258764] (robot_localization) StdoutLine: {'line': b'-- Installing: /robofuzz/robot_localization_ws/install/share/robot_localization/cmake/robot_localizationConfig-version.cmake\n'}
[89.258992] (robot_localization) StdoutLine: {'line': b'-- Installing: /robofuzz/robot_localization_ws/install/share/robot_localization/package.xml\n'}
[89.262735] (robot_localization) CommandEnded: {'returncode': 0}
[89.293293] (-) TimerEvent: {}
[89.393696] (-) TimerEvent: {}
[89.494153] (-) TimerEvent: {}
[89.594554] (-) TimerEvent: {}
[89.597124] (robot_localization) JobEnded: {'identifier': 'robot_localization', 'rc': 0}
[89.598215] (-) EventReactorShutdown: {}
